id,fold,y_true,catboost_prediction,catboost_class
00008ff9,4,2,0.49619984456834376,0
000fd460,4,0,0.3453481007400619,0
00105258,1,0,0.5695634975559732,1
00115b9f,1,1,0.2721310299160287,0
001f3379,4,1,0.5258157191132382,0
0038ba98,2,0,0.6503025862700629,1
00abe655,4,0,0.5705906803469682,1
00ae59c9,1,1,0.8857289839536174,1
00c0cd71,5,2,0.4355003610814684,0
00d56d4b,2,0,0.07274134789592157,0
00e6167c,3,0,0.5535574619215236,0
00f332d1,4,1,0.941555091996966,1
00f574e9,1,0,1.0791206384009457,2
01085eb3,1,0,1.0210272684099149,2
01182ce3,5,2,1.4909580446919575,2
011e71c3,3,0,0.8412150997443782,1
012cadd8,2,0,0.3283782124586572,0
012e3869,4,0,0.08615675454218835,0
014c303e,5,0,0.3483430883750405,0
015ba5b1,2,2,1.2930968362368889,2
01cae1ef,3,0,0.6647749696713399,1
02073150,2,0,0.26561352359581203,0
0219f64a,1,2,0.544189928697756,1
02347f13,1,0,0.831928011781734,1
026102c4,1,0,0.17353902930330206,0
02648a1c,4,0,0.6367525955630113,1
026fcbc3,2,0,0.6918477287663146,1
029a19c9,5,1,0.8756618842412208,1
02a01f18,2,0,0.207155132556138,0
02c4cf7f,5,1,0.40729219350905876,0
02cebf33,3,1,1.095467922618316,2
02cf7384,2,0,0.8987314915747366,1
02dcf62a,5,0,0.34556977053513804,0
02e56a7c,4,0,0.30055473015277834,0
0347462d,5,1,1.15633433260526,2
034f923b,2,0,1.1880935310831804,2
0357a10e,4,1,0.36192462289738003,0
035c96dd,1,0,0.489964888130538,1
0380e709,2,2,0.5487428418844454,1
03833cec,1,0,0.16248580544545227,0
0391e587,5,2,0.48978890680243925,0
03a5c2d6,1,0,0.5641835534752554,1
03a9019b,3,1,0.5354485044508045,0
03bf5026,1,0,0.40533767568533496,0
03f1c1c8,2,2,0.8358398515822478,1
0417c91e,5,0,0.05752663142562997,0
04370442,5,2,0.2772703771893781,0
045a0a94,2,2,1.216201619149849,2
0471236c,5,0,0.08233314903645744,0
0499c3e8,1,1,0.7597287074744784,1
04ad419d,5,0,0.4438690355150083,0
04af8fdd,2,0,0.5051634587571788,0
04afb6f9,4,2,0.7161375232372169,1
04b3cc70,4,0,0.3592634454032073,0
04bb1a76,3,2,0.7774116698749785,1
04cb2c30,2,1,0.42452555231249506,0
04d06a9c,5,1,0.5673045555285006,0
04dc7df1,3,1,0.36773738576987774,0
04f094a8,1,1,0.7132047463887541,1
0506b9cd,1,1,1.376039514632615,3
051680a0,1,1,0.42856589821030455,0
051f73ae,1,0,0.504162714531364,1
052a1122,5,1,0.5227432460616824,0
053d7d31,5,0,0.6074782525854477,0
055156e2,1,2,1.2602220892325942,2
05777ce1,2,2,1.231293395209463,2
058990e9,5,1,0.7972916450972305,1
058d2812,5,2,0.9700772370615444,2
0598f669,3,0,0.423176015836101,0
059e02ab,1,1,0.9043385001943016,1
059eed01,5,0,0.18074681752995447,0
05bbed1b,4,0,0.020133009771623134,0
05bc318e,1,1,0.8496882712098404,1
05d3d73a,3,0,0.24015666417049575,0
05db1b9b,2,0,0.3859077712696336,0
05e67680,4,0,0.5593856550427899,0
05e94f88,1,0,0.4026225271168413,0
05f2d1b5,1,0,0.2808820046440774,0
0610c066,5,0,0.09131545197183244,0
061f2866,5,2,1.232038601685459,2
0632d98a,1,0,0.47499000324742263,0
063353cc,5,0,0.9641514861059506,2
063b16fc,2,1,0.8967203517090814,1
06472198,5,0,0.11225020028925764,0
064e8da5,4,0,0.02229978404545585,0
065801e3,2,0,0.6436504845138855,1
066343d4,3,0,0.42566501656470346,0
0668373f,4,2,0.3769501570810138,0
0676ead5,5,0,0.4161587087930717,0
067b9287,3,1,0.5082277713744084,0
067de065,5,0,0.1632700472976566,0
06c7dcff,1,0,0.4788512435723534,0
06c8b2fb,2,0,0.04475410701101412,0
06eb8adb,3,0,0.1703200171653933,0
06ec8be3,2,1,0.3335607285878376,0
070386b2,2,0,0.5048202418934095,0
07048067,3,1,0.742906320210561,1
0720320e,5,0,0.7060411002666995,1
0745c390,4,1,0.5819475690990742,1
077ac7a2,2,1,0.2735570644377258,0
07d879cf,3,1,0.7920701963094262,1
080698b7,1,0,0.652451854259914,1
08159c5e,3,0,0.7013464267955335,1
082df556,5,0,0.7076630824798708,1
0844aee7,5,1,0.32480746598138777,0
08577722,5,0,0.17405178214844613,0
08660d12,2,2,0.9392117910565618,2
086d6e7f,2,0,0.18696274348483777,0
0884aca8,4,0,0.5191740977163377,0
089a6b19,3,0,0.9693475722770499,2
08fa44ad,4,1,0.3618590501591017,0
09039272,5,0,0.3345415887116452,0
092494ec,2,1,1.247648353141284,2
0924b815,4,1,0.1430725949071554,0
092c29b9,1,0,0.202210454180747,0
09331bb8,5,2,0.9967384672572893,2
096bf063,2,2,0.7221899444860207,1
0983654b,1,0,0.37084646058841564,0
098b5836,1,2,1.2949183377381548,2
098d3c32,3,0,0.4465757799945548,0
099e3614,1,0,0.5539468933760182,1
09b29113,1,0,0.18192416610186857,0
09d80057,3,1,0.30102889678072814,0
09eeaba6,5,0,0.1264030697929402,0
09eeec14,2,2,0.4031144540373276,0
09f44fd2,2,0,0.2435524604544151,0
0a1afc11,2,0,0.24564081754459222,0
0a418b57,1,1,0.6912147784766471,1
0a431608,5,0,1.1448033103363118,2
0a4b1425,5,0,0.20960082981822248,0
0a540797,4,0,0.40689011260942415,0
0a5f1214,5,0,0.3739330713423842,0
0a775819,3,2,1.2438959645502166,2
0a822c93,3,1,0.9727792236723096,2
0a9159f8,3,0,0.4999599769129065,0
0a995f99,2,0,0.3945385117511344,0
0aa90ce7,4,0,0.5045302109531017,0
0aaf08ec,4,1,0.6119153143027263,1
0ac521c8,4,3,0.9999990908132879,2
0ac5e12f,1,1,0.2489347889893192,0
0acac70c,4,1,0.9887361652056964,2
0adf511d,4,1,0.4612993482696529,0
0af81037,5,0,0.5122855255148948,0
0afb2535,2,0,0.46679110293921044,0
0b4014f0,5,0,0.8566097568517876,1
0b4f597e,2,0,0.10440195333108665,0
0b50f3fa,2,1,0.5504563349555468,1
0b518637,1,0,0.1422625107954677,0
0b6b07f6,4,0,0.22201258268923563,0
0b7c6100,5,0,0.46965128328218825,0
0b7d7aec,3,0,0.8737682105066282,1
0b7d9da6,2,0,0.25029386778062895,0
0b9fcc42,1,2,0.3752749271802296,0
0ba53e53,2,2,0.16030521220077176,0
0bd89878,3,0,0.23470027473550903,0
0bdace00,2,0,0.32186964889579106,0
0bfe4fc9,4,1,0.7999016415997795,1
0c0a1576,4,0,0.03264153141377857,0
0c3d248f,5,0,0.19877132586374885,0
0c3d88cb,4,0,0.1376604842702191,0
0c4e2d68,1,0,0.056896322419210166,0
0c4eabac,1,0,0.1807786461804619,0
0c794cf7,2,0,0.09097196917164357,0
0c83af0f,3,2,0.6847280766507394,1
0c8efce0,1,0,0.09989370615558069,0
0c98f822,2,1,1.1402912189336294,2
0ca08054,1,2,0.5115521107659635,1
0cbe4e54,2,0,0.8084874399158826,1
0cccc6bc,5,0,0.309350600893654,0
0d01bbf2,2,0,0.35368409735224504,0
0d279d77,2,0,0.4826027561079719,0
0d34aee4,1,1,0.9000245372174213,1
0d394928,4,0,0.3328796132064261,0
0d4800c8,4,1,0.9306862230440325,1
0d4fa8f4,1,1,0.18684558370962928,0
0d570d3e,5,2,0.5195499605341574,0
0d74d0ed,1,0,0.8042699922473255,1
0d924604,4,0,0.27847975415589943,0
0ddab8ff,3,0,0.27963865011392436,0
0de01ae7,3,1,0.9435667847691445,2
0df44f9e,1,2,1.0292195220994094,2
0df4c27d,5,0,0.8648757007105,1
0e1cf9b8,1,0,0.25276489615696623,0
0e1f7fed,1,0,0.1996175655297901,0
0e3b0bd2,3,0,0.11801541706792568,0
0e951124,2,3,0.9953680591656042,2
0e9c1be6,3,1,0.48062158309947756,0
0ec403df,2,2,0.8951970021232432,1
0ed2a3c8,4,1,0.17624027601149006,0
0eddd8e5,2,0,0.41928768893867857,0
0ee70b3e,1,1,0.5705594061695374,1
0f4db4f2,5,0,0.7876608642941509,1
0f6b71c4,5,0,0.297302987131745,0
0f7f3bf3,5,1,0.8442704417071186,1
0f9b8e65,2,1,0.6923250128449192,1
0fbb3ca5,3,1,1.1508755698598283,2
0fc19fd9,3,0,0.14273242991836432,0
0ff6ac09,1,0,0.5535186909055698,1
101774f0,2,0,0.007017643519295458,0
101c27f1,5,0,0.4829072868004016,0
10258585,3,1,0.16749859773510534,0
105e3f96,2,0,0.7027841920974328,1
108b8659,1,0,0.15393403449887277,0
10ad8c48,4,2,1.2650566599607407,2
10be7f09,3,0,0.21734080162787894,0
10c0e99a,5,0,0.22087268239682473,0
10e46254,5,0,0.3017834476234093,0
113f5798,2,2,0.8285077658976425,1
11477ed0,5,0,0.7754332429384485,1
115d3db4,4,1,0.3766416399712892,0
11739de2,2,0,0.6554679977566575,1
1184a14a,5,0,0.23819200698443377,0
118b7733,2,1,0.4491726827578322,0
119d7562,4,1,1.3393659490475307,2
119dd2e1,3,1,0.36686727062158697,0
119e181e,4,0,0.013567210809316665,0
11be5d2e,2,1,0.7253759534867054,1
11d1a5ac,4,0,0.41141446909295387,0
11f7253c,3,3,1.3363477776916266,2
11f9b26c,4,0,0.12164276365160737,0
1225fd28,5,1,0.7469387712437795,1
12380b06,4,0,0.6542503785098814,1
1286dab7,2,0,0.2386272600196705,0
12a607f6,2,1,0.3685065150614078,0
12cbf30c,3,0,0.7188089662547981,1
12cfb064,4,0,0.09762695995879161,0
12f37ff2,3,1,0.23430883208201814,0
1301f65d,5,0,0.37591562019830727,0
1307c41a,3,0,0.26750463137724817,0
1314bc8c,3,0,0.968481508435524,2
136894bc,2,0,1.058899039725229,2
137baaec,3,2,0.6187941421604468,1
137fc699,5,1,0.22648177591466945,0
13a5e288,4,0,0.3016533208576785,0
13be5672,5,0,0.27943291280080984,0
13cdb63a,1,0,0.07308922379410876,0
13d23890,1,0,0.940187771280808,2
13d2c419,4,0,0.20513519603890545,0
13e46923,1,2,0.6723418983167181,1
13eee030,4,1,0.5589624558513658,0
13fca10c,5,1,0.739743123219232,1
14109652,2,2,1.0048578149314369,2
1420b16e,1,1,0.9855245459720051,2
1429abf1,1,0,0.377848655867583,0
14391970,5,0,0.12137053414889615,0
144a9a79,1,2,0.49288334023351665,1
1455e657,2,0,0.1157936852210879,0
14568d61,1,1,0.25579222360030895,0
1458a9d2,2,0,0.38664838703854865,0
1470a1df,2,1,0.5394871774120695,0
147c4374,4,0,0.0633116092841094,0
14a6e58e,4,0,0.49389389068706296,0
14b3d6e5,2,0,0.11065558125754738,0
14b8dd2a,1,0,0.6416338246382757,1
14b999b6,2,0,0.5701699481819092,1
14c12974,2,0,0.10545369348266215,0
14dae995,2,0,0.7630727568461984,1
14e00ce0,2,0,0.1328594599924804,0
14eac885,1,2,0.9001334266672882,1
15227eef,1,0,0.8357373951315032,1
1522fee1,5,2,0.9725567894683391,2
154d1191,4,1,0.0954362287643275,0
1551c806,3,1,0.9824120952148265,2
1562998a,3,0,0.8258396277546334,1
157b271f,4,3,1.1052780172475365,2
15a2364d,4,1,0.8822143317864517,1
15d702f8,3,0,0.3554543479083264,0
15dbc929,1,0,0.15908718909580638,0
15f217a6,4,1,0.6173556614227855,1
15f2e240,1,0,0.13491001333583064,0
1606f203,4,0,0.39433763737072064,0
1649ce22,4,0,0.2614635940706329,0
164b29ed,3,0,0.2653617824396573,0
164edc75,2,2,0.9192303632731144,1
16bf9efe,3,0,0.7033576229234102,1
16deb306,5,0,0.23364698122671168,0
16e277aa,3,0,0.7017032423480736,1
1704e646,5,1,1.02157311239602,2
1713348a,1,0,0.49374807416630784,1
176f33fb,2,0,0.31017118915309366,0
177f25ab,1,1,0.4962480450287041,1
17b08109,1,0,0.2743308785114666,0
17c1ae23,4,1,0.24675401186217083,0
17e9cba0,2,2,0.923423901010963,1
18154f3a,1,1,0.7935078831042461,1
1824417f,2,3,1.344673618051456,2
1837456f,1,0,0.6788040700028862,1
18400e8e,4,1,0.9252445974325361,1
1843760e,5,1,0.815364892114491,1
18506cf3,2,0,0.5661486977148009,1
1894884e,2,0,0.1595100703315187,0
18962676,2,0,0.14964728534479094,0
18ab47f8,2,0,0.16953581826126862,0
18b79e9b,4,2,0.30868164625713884,0
18b8b2f6,3,1,0.3839266236015183,0
18e21bf1,5,0,0.25876557463032057,0
18f6e6db,2,0,0.2841640084817227,0
18fdbccc,4,0,0.3716848986756184,0
18feab0f,5,0,0.787169663779849,1
19098ef0,3,0,0.6755862125886273,1
1911731d,4,0,0.03725851551801018,0
19381499,1,2,0.6881659881068511,1
1943fb23,4,0,0.2846512299783592,0
19455336,2,1,0.692018898166865,1
1949438b,1,2,0.4610265540559443,0
1957153d,1,2,0.43526355652892756,0
198e50c9,4,0,1.1396048583061276,2
19b095d5,3,0,0.24263277634411606,0
19c49039,1,1,0.908777644508631,1
19cc95e8,2,0,0.27322844493993026,0
1a1e8ac5,3,0,0.12429402561511099,0
1a23d282,3,1,0.633980087133854,1
1a2412b3,4,0,0.6391858869207986,1
1a803bfe,4,0,0.30324370052610106,0
1a9f8375,1,0,0.41270059891132266,0
1aae1de3,2,0,0.8359131548177514,1
1afa48fe,2,0,0.3195377373976027,0
1aff6762,4,2,1.1250934450971872,2
1b258140,5,0,0.01831245206165577,0
1b2cd439,2,0,0.6564498440225134,1
1b2eea8f,2,2,0.9454371199403173,2
1b32427b,5,0,0.7016276288273645,1
1b329556,1,2,0.851566509890043,1
1b410106,5,0,0.15732591973846016,0
1b49c870,4,0,0.43596032451187183,0
1b5b34bc,4,1,0.5500692520178249,0
1b5fb26f,1,0,0.6738817185295483,1
1b6be334,1,2,0.9005514962701273,1
1b6fb363,4,1,0.7154767929270368,1
1b73fce0,2,0,0.28323158237559176,0
1bc6a98c,5,0,0.12646309524333138,0
1c063ebc,2,0,-0.002424355540600054,0
1c23295e,3,0,0.6364604959242337,1
1c3b7f1a,1,0,0.4547761353144868,0
1c3c2b2f,1,1,0.2332255451397497,0
1c481537,5,3,1.0790504709167448,2
1c5ba087,3,1,0.8346118234690483,1
1c66daf4,3,0,0.9141249278385333,2
1c673231,5,2,0.6286169119977743,1
1c6ac3d4,2,0,0.34748854039781274,0
1ccf44f0,3,0,0.2480451336233317,0
1cd37b36,5,1,0.8632757608133121,1
1cf6dcef,2,1,0.27200472954354493,0
1d02812a,3,0,0.8917558677737812,2
1d041232,2,0,0.692570947268267,1
1d11d488,2,0,1.2583589491415714,2
1d78b3c3,2,0,0.5146469004633065,0
1d7edb86,1,2,1.0040187580255135,2
1da37c60,2,2,0.6254531969617483,1
1dd90b53,4,2,0.8154224044234952,1
1de3c240,2,0,0.12348609786526904,0
1dfd6433,3,1,0.6944922920951212,1
1e08b1dc,4,1,0.794059963336096,1
1e2a1bd0,5,0,0.2855475046641312,0
1e5f6199,5,0,0.24412304082445452,0
1e7dd854,1,0,0.2866439272991638,0
1e87baed,2,0,0.5593708123088651,1
1e986f93,3,0,0.055222594968935224,0
1eb206f0,1,0,0.567049872805002,1
1eda934b,5,0,0.8839564490265818,1
1eea376f,1,0,1.0788909191168465,2
1eea8df2,5,2,1.4904247485895668,2
1eedf45e,3,1,0.6600886029645833,1
1f2164a4,2,1,0.09252027323598239,0
1f400626,5,0,0.9862100424147242,2
1f5835cd,2,0,0.1433063081991413,0
1f5cefcc,1,1,0.7679888471729281,1
1f65fa82,5,1,1.1570102615884306,2
1f7bd44c,4,0,0.13986572933348906,0
1f7ec039,5,1,0.8309037745877249,1
1f881e3d,2,0,0.9757170313877226,2
1fc07a80,3,0,0.5314052877688916,0
1feb42f2,4,2,0.5497807462775028,0
1fed3943,1,0,0.3785015825427983,0
1ffede3b,2,0,0.6824995193715466,1
206c8562,5,1,0.45673322124046495,0
2084c823,5,0,0.855733335853311,1
20cefbaf,2,0,0.49550997349771136,0
20d7ecfd,4,1,0.6823899261373495,1
20df4cab,2,0,0.1983923126501087,0
20e8ca68,2,0,0.48811465701338164,0
2114473a,3,0,0.41490226583613254,0
214f46e8,1,1,0.5916934235766158,1
215ca39b,4,1,0.5230584408724585,0
217ce5e6,1,1,0.9073138359671759,1
218faf6f,3,0,0.2156389344550334,0
21a76448,3,1,0.8678814569460519,1
21b835ac,2,0,0.19914387601705802,0
21c62163,4,1,0.36061336855861537,0
21e5833c,3,0,0.6180992271539534,1
21eb6d47,1,0,1.0052426211848178,2
21f58fba,3,0,0.23185292030694687,0
221e37e0,2,0,0.237528851483991,0
223724b2,5,0,0.48721470159216906,0
22375702,3,1,1.4129194723407257,2
22389051,5,1,0.32422850025829586,0
22447a95,3,0,1.409484442675972,2
224fc39a,1,2,1.1016138237944058,2
22536a61,3,0,0.8117347973739971,1
22a71606,3,0,0.07336454883479238,0
22b4191a,2,1,0.6835059580532153,1
22c72c4e,3,2,0.5990071746519628,1
22e44415,3,0,0.43281544743550626,0
22f43a12,5,0,0.43397107459398543,0
231f6db4,2,1,0.23248828376865055,0
232b7cb1,1,0,0.6621235690949491,1
233b9425,4,0,0.30576576447786885,0
2340e84a,2,0,0.4521527814991228,0
23418fa2,5,0,0.18523869433000972,0
23567787,5,1,0.4637186362311317,0
236d450e,1,1,0.4244679719056782,0
236ecde8,4,0,0.15832068666572485,0
23d1a58d,3,0,0.7584676819210506,1
23d71e37,5,0,0.5442897089205078,0
23dafdab,2,0,0.33797702509945066,0
23e024bd,4,0,0.8563743686207346,1
23e71e7c,1,1,1.3468455517206657,2
23e7f79b,1,1,0.5323011103835845,1
24398aed,2,0,0.1863797735283365,0
24591f4d,5,0,0.2642979093060203,0
247172f9,2,0,0.5232635359318456,0
2496c491,5,0,1.3011936535257171,2
249b6d68,3,0,0.8427894482171407,1
249d2266,2,0,0.20531313055572348,0
24a3b16d,4,1,0.9461512159712011,1
24ab10c6,5,1,0.1255271839253984,0
24b4bc6d,3,1,0.37424804406893686,0
24b75658,4,0,0.10244909930064605,0
24dac645,4,0,0.4395794750126957,0
24fb56db,1,2,0.9188517824629054,1
252ebc5b,4,2,0.48261257886469233,0
253f5cb1,3,1,1.3991183094306456,2
25849c6c,1,1,0.5924278153067034,1
2586774b,3,0,0.49656179616856944,0
25a3a723,3,0,0.65255216186236,1
25e752c8,4,0,0.24304603901882843,0
25eba023,4,0,0.09511589154289046,0
260f542b,4,0,0.20084057563940017,0
26190ddd,2,0,0.41532644265419294,0
2625767f,1,0,1.1319122877179817,2
262cff6d,5,1,1.54374332441252,2
26891dbd,5,0,0.6753421994380086,1
269d9918,5,1,0.5898724573200805,0
26a4b61b,2,1,0.49905519953529415,0
26aeacdf,5,0,0.21649438161978019,0
26b1792f,1,0,0.3118509681020549,0
26b893f4,1,2,0.5146563258276462,1
26d31613,3,1,1.0208836784682407,2
26d541c2,1,0,0.6940800837223785,1
26f0e055,5,1,0.15766284091649263,0
2715347c,1,1,0.9150561896570115,1
273c8ebd,5,0,0.12579101404105147,0
2760be91,2,2,0.4803142066401339,0
27724073,1,1,0.6396378088655005,1
277f5b32,3,2,0.948520415194802,2
278e8a51,1,0,0.13154381031263312,0
279d0ec4,3,0,0.6769931624576379,1
27cd2a6c,3,2,0.7526034465143357,1
27d363de,5,1,0.7350556388809955,1
27d7e5e4,4,0,0.2474565721706996,0
27e0ca6b,5,0,0.40513495504648306,0
281174c9,4,0,0.5929562450127486,1
2812951b,4,0,0.5110989689094716,0
2840643b,4,1,0.29309137076285674,0
287390e6,5,2,0.9428113598278058,2
287f1349,4,0,0.7929352261194973,1
2891e36b,1,0,0.7374052243385996,1
2898269f,1,0,0.19781431413749156,0
28b91cf3,3,0,0.1179766057483358,0
28ba92e9,3,0,0.4266099083761786,0
28e8b2b2,2,0,0.39760406928826025,0
28e973b1,5,0,0.6585159212243623,1
28f7e6ff,4,2,0.6140588331980628,1
28f99ddb,3,0,0.5846355487858037,0
2911ef94,4,2,0.9579097932585348,1
29587a31,1,0,0.2891517322658058,0
29886a85,1,0,0.22565973039104398,0
29a1d334,4,0,0.2509192364264572,0
29b37b4a,1,2,1.4482909874833205,3
29c54890,2,0,0.6585243489780376,1
29e4911b,2,0,0.014341471097060188,0
2a0b8386,1,0,0.6843060769575015,1
2a3fcf9a,2,0,0.1288495480567316,0
2a64085d,5,0,0.19994225554561568,0
2a6a6b92,2,0,0.7058785660530315,1
2a7b5b79,2,1,0.4718135407340096,0
2a81925b,5,1,0.5184334449787786,0
2a85889c,3,1,0.5901459595871422,0
2a88cbe9,5,0,0.37316827615604575,0
2a922ca4,2,0,0.17392052482493892,0
2a9e0dee,3,0,0.5567189958525184,0
2aa15e6b,3,1,0.2200815915181769,0
2aab37ac,3,0,0.5572730327841332,0
2ac0bd9f,4,1,0.8803140338570594,1
2af3c8d8,4,1,1.3157112550028893,2
2afea280,4,1,0.9253755860961306,1
2b34dcf3,5,0,0.2614760043987343,0
2b574ef7,2,0,0.10392584949039124,0
2bac0893,3,0,0.871211378313286,1
2bad0db7,3,0,0.9150810364968496,2
2bbcfd43,2,0,0.2261555565419034,0
2bca454a,1,0,0.5665981861516387,1
2beaaf7a,4,1,0.5595360653321483,0
2bfc9187,3,0,0.6940745944375258,1
2c2dc20d,4,2,0.5319138035303834,0
2c3b09db,1,1,0.522089757035857,1
2c406043,2,0,0.024542849062843985,0
2c483245,5,0,0.7530262264643688,1
2c49257f,1,0,0.4897969512204239,1
2c512f2f,5,1,0.5671245766098613,0
2c54d6c5,2,0,0.48041495271169354,0
2c56c930,1,0,0.5289821481917678,1
2c9a90e9,2,1,1.239182789806363,2
2ca2206f,4,1,0.9666224465771003,1
2ca9811d,2,1,1.1213298682445259,2
2cb0db2c,5,0,0.0999302711529777,0
2cc4b720,1,0,0.23407494873203516,0
2cd9b5a3,4,1,0.7075128384164033,1
2cda86bd,2,2,1.4383477638798121,3
2d043af7,5,0,0.7982701289178272,1
2d0bbbd3,1,0,0.6814059467725894,1
2d286c59,2,0,0.6474219758847277,1
2d3ba6fa,1,1,0.17847943971011826,0
2d5365c6,5,2,0.6788985049116805,1
2da6bf6e,2,0,0.17782612845610224,0
2dbdfe11,3,2,0.5617837411978014,0
2e16053c,1,1,0.664324131303511,1
2e17c497,2,1,0.32770132773346616,0
2e293d08,5,0,0.22867135247006953,0
2e42573e,4,0,0.21700512910709907,0
2e4e045a,1,0,0.18993299935673724,0
2e5f5207,4,1,0.6311202592219378,1
2e7d888c,1,1,0.6714066149544549,1
2e8c9884,1,0,0.16444151934603518,0
2ea277d5,1,2,0.6045101138200127,1
2ebdadbc,3,0,0.37250729977815955,0
2ee0a1e8,2,1,1.025017649453527,2
2f0f2949,3,0,1.028368865719146,2
2f12de00,3,1,0.5534966273943109,0
2f154763,3,0,0.1908005445790414,0
2f16cad4,5,0,1.030084444324342,2
2f1af08a,1,0,0.12982944566802784,0
2f6b484c,4,0,0.13902149136551484,0
2f72f441,4,0,0.010469764639608248,0
2f7f0eb7,1,0,0.19356915094768146,0
2f81950d,1,0,0.2841233880586645,0
2f8ec752,2,0,0.5629513564609423,1
2f91f3c1,5,0,0.7291370311384566,1
2fba6cf4,5,0,0.31075672107834623,0
2fc568f6,2,1,1.0848073690376747,2
2fef897e,1,0,0.7127916051144805,1
2ff729d3,4,0,0.8092056398136976,1
3046a5c7,1,0,0.28270178622536096,0
3055881a,3,0,0.8472484502414805,1
3065aa2f,3,0,0.6426018448052901,1
307c91ee,5,0,0.19424057411582346,0
3093d29f,2,1,0.7431739875377262,1
30ac8a84,3,2,0.5401668218363955,0
30b3f203,3,2,1.0378175038442758,2
30ba4252,3,0,0.3164758896166144,0
30d2fd47,5,0,0.15175224817204763,0
3133a6c9,3,1,0.5571160978341166,0
31349d8b,1,0,0.9478581120509622,2
3134b69f,2,1,0.7892127425785749,1
3146f878,3,0,0.3221067582916441,0
3155ed01,5,0,0.8174495308989229,1
3162c492,5,1,0.37240182377779907,0
31648caa,5,0,0.034371133429678125,0
318ccc0e,1,0,0.3774479116477804,0
31b74cd4,5,1,0.5330226627226855,0
31d61741,5,1,0.41290795861367896,0
31d7a136,4,0,0.20452808372911424,0
31ddec50,1,0,0.9375040716022973,2
31f01671,2,0,0.20963708661247388,0
321202d4,3,1,0.5946507888765189,0
3216b978,1,1,1.0354589974718162,2
323ea319,2,0,0.4908367836797912,0
325afd3d,5,0,0.7346740619433313,1
3268c574,4,1,0.8697591358284289,1
326c23c2,4,0,0.43811526844112125,0
327736cd,5,0,0.12385384876185096,0
327ef356,2,1,0.7059223536000377,1
329a9c25,5,2,0.9899711371228944,2
32a9dac0,2,2,0.6509515835374495,1
32b8490d,3,0,0.5794382597496884,0
32d0ebca,4,0,0.719037157016904,1
32d262c2,1,0,0.43326153363527536,0
32dcc8ab,5,0,0.40097229145720625,0
32e18ccc,5,2,1.1229626258231433,2
3302713b,5,0,0.7817969781215894,1
3305a981,2,2,1.0743962151838302,2
331733c7,2,1,0.7484592685424021,1
333be478,3,1,0.4675612181115284,0
338146bd,3,0,0.6136007265661598,1
3399795b,2,1,0.49424463894561577,0
33a499ce,1,1,0.7575255059363454,1
33d60f7d,2,2,0.43572754966691507,0
33e34de8,5,1,1.1181303675751144,2
33fe1b04,2,0,0.7409529825731402,1
342d43c7,4,1,0.9869621730973404,2
342edae9,2,1,0.23963171570829578,0
343460ab,2,3,1.6788893977712867,3
34362a9a,2,1,0.31640673498101923,0
3441fd41,5,1,1.1562497596927814,2
3466c72a,4,1,0.5436107916457681,0
347095fe,5,2,1.6173945114994681,2
34c30fad,4,2,0.8478671268368713,1
34eb79f9,1,0,0.6425577810445757,1
34ec5de4,1,0,0.9331289213204353,2
350cf38b,5,0,0.2288837596544715,0
350dbeba,2,0,0.7718581598765568,1
35198c2d,3,2,1.1577409092592088,2
351cd4ec,2,1,0.6029746373593298,1
35265670,2,1,0.3677355078153849,0
356ab908,5,1,0.8210144682333655,1
35d2aa41,3,0,1.2335233441141304,2
35daea65,2,0,0.10065724097464746,0
35fa2ebf,1,3,1.1738109184723,2
36146fe1,4,0,0.8248481544279269,1
36473697,3,1,0.8030948503406012,1
36530d36,2,0,0.3648613775516977,0
3655395c,4,0,0.37567289078102134,0
36958957,5,2,0.9593587514443993,2
36b8c9e5,1,1,0.58805344290931,1
36c060b9,3,2,1.354263700092974,2
36c1f189,3,0,0.17681126532070884,0
36e77bf0,2,1,0.4659324306039519,0
36fda5de,1,0,0.11458512652970865,0
370b47c4,4,0,0.8455483213565542,1
3714afd7,5,0,0.4418060291442375,0
372a7950,2,1,0.7204010307639809,1
3738db26,1,2,1.0481841353274508,2
376e617f,3,2,0.8335125683013411,1
37995242,4,0,0.04058774576404223,0
37ae1239,5,1,0.4258100359259531,0
37bcfa7e,3,0,0.9420368619579009,2
380029ef,3,0,0.4177335104544147,0
3820a945,3,0,1.2319484387154278,2
3826be66,1,1,1.229004689155894,2
38390669,5,0,0.23776190675893755,0
384c3f27,1,0,1.2906486895577491,2
385819e6,4,1,0.1266114312406012,0
385a6557,1,0,0.3872688196028662,0
3875d4de,3,0,0.8743067222181018,1
38cccd6d,2,2,0.7676728029241607,1
38d53b92,3,0,0.4517475398201203,0
38ee12e7,1,0,0.819120333505876,1
3901e707,2,0,0.12307894050127371,0
3913797d,1,0,0.5029697486198147,1
3918d854,3,0,0.08037692849609862,0
3934e29c,1,2,1.3143796706966202,2
394684ae,3,0,0.7706954412175264,1
394a6219,1,0,0.20146326656278357,0
3950aa00,1,0,0.9244904886434522,1
397efe7a,3,0,0.35632170408440167,0
3983d3cd,2,0,0.4781196081246611,0
3999e449,2,0,0.7291155565767109,1
39bdbb00,1,0,0.1084502302887847,0
39c20e2a,3,0,0.8434449204455113,1
39cc2836,5,0,0.3215073376111556,0
39d626f4,3,0,0.5992660903948709,1
39dd3538,4,0,0.08649376578736773,0
39fb1ad0,1,2,0.8610001539442877,1
3a33d579,3,1,0.44307163324504334,0
3a594acf,2,1,0.645893749599457,1
3a9d7bd6,4,0,0.15473633512727591,0
3ab0b1ff,2,1,1.0488164925282786,2
3ab539f0,5,0,0.20722318454828192,0
3acb5be3,4,0,0.3568771651402428,0
3ae4ee9b,1,1,0.954432441279284,2
3b047021,3,0,0.20637485956068868,0
3b091b83,5,0,0.4278300262982169,0
3b112284,2,0,0.06466437336238284,0
3b1b9538,3,1,0.8476256919126701,1
3ba48ca7,2,0,0.5611250760164418,1
3bbf88cd,5,2,0.7903634027401105,1
3c0aba64,5,0,0.6671466948398903,1
3c2cf08e,2,0,0.23768940663259774,0
3c5c85e7,1,0,0.6347042749376247,1
3c620257,5,0,0.28717120984261724,0
3c7a7f32,2,0,1.0795825246198354,2
3c8f474a,3,0,0.28102747978504217,0
3ca35642,1,1,0.8655819633216869,1
3cc9cfa6,4,0,0.24673724224942867,0
3cd8802e,1,0,0.6681867109252477,1
3cfeca85,5,0,0.20592692167576965,0
3d20d9a7,4,0,0.7853001207483666,1
3d2c0bc5,4,1,0.766232671490827,1
3d36fe8b,5,0,0.8269916342701122,1
3d3b87db,5,1,0.7839279835207706,1
3d3dd3ae,1,0,0.8109905861478363,1
3d3fb503,2,0,0.2988057579126179,0
3d46429f,1,2,0.9867661195471427,2
3d48430d,1,0,0.29375664616530206,0
3d5ad997,5,0,0.5736752806043878,0
3d6143f3,3,0,0.1431536490585984,0
3d736110,1,1,0.8903824534833118,1
3d8531f5,4,0,0.3100559514818018,0
3d970ce4,5,1,0.5444918582617777,0
3dcbc164,3,1,0.9601290296095972,2
3de1a622,1,0,0.1602845478976364,0
3de6a21c,4,0,0.19119739377294526,0
3e377cb7,2,0,0.47056497776683703,0
3e398bf9,3,2,0.939759837584166,2
3e3c242c,5,0,0.26871401769546543,0
3e5d5b58,3,1,0.11168824064875404,0
3e5ee48c,1,0,0.9900872671963463,2
3e7ee995,3,1,1.243366173056681,2
3e9fd8d6,2,2,1.2405511241863363,2
3eb48980,5,1,0.4294288900344201,0
3ebfbb4c,4,1,0.13807047592057825,0
3ede35d1,1,0,0.5869863604762322,1
3f1cf5ba,5,1,0.531217881412833,0
3f1f23e7,5,2,0.633754226806946,1
3f20e14b,1,1,1.1620001313981367,2
3f2141da,4,0,0.43501069279715565,0
3f3a70c8,1,1,1.3269944757100671,2
3f3d3809,2,0,0.20956124914095475,0
3f51a21d,5,2,0.5308774896067217,0
3fcef947,5,0,0.34904702504678853,0
3fe59141,2,0,0.8006218520606506,1
3fe78116,1,0,0.6366364333394448,1
40087bc5,3,2,1.064313988000713,2
40898508,2,0,0.8843094475496984,1
408bed19,2,0,0.45272371686937657,0
4093774d,4,1,0.7565675355362065,1
40aae75f,2,0,0.7794214377519721,1
40b904b3,3,1,0.6793704618690215,1
40cdadfc,2,0,0.3032602096793273,0
40e95163,2,0,0.23808745629985106,0
41052ced,1,0,0.6186614006504945,1
41185f8e,3,2,0.9799653101701515,2
4128aee6,4,0,0.21498703104053518,0
4135cb0e,5,1,1.1356632068122854,2
4157be55,4,2,1.34172198744275,2
415d5a1a,4,0,0.9433460521973855,1
416b6ba2,1,0,0.14008953401425045,0
4177e5e5,4,1,0.5764201105693414,1
41974cde,2,0,0.3067134904207132,0
419d05c6,4,2,1.045852949864957,2
41bacefb,5,0,0.8463443334053189,1
41badf5d,5,1,0.8929138101263374,1
41cfd1db,4,3,1.498276868652039,3
41d48900,1,0,0.5794825804186285,1
42309938,5,1,0.7878326042160183,1
423610ac,1,1,0.5276423376769287,1
4248261f,4,0,0.09977693517833869,0
4255e559,5,0,0.3700908821717085,0
4262ce3d,5,0,0.287445770201428,0
427037b2,1,0,0.19190599737381786,0
427fad9e,1,2,0.997351079492706,2
4280076d,4,0,0.40220333019113497,0
428970d4,2,1,0.7074163961807058,1
428c37ea,2,0,0.3927314287474174,0
429cc266,4,0,0.4319589751239209,0
42aa29fb,4,1,0.5177487192550222,0
42bf071e,5,2,0.5318035357400293,0
42c6f67a,4,0,0.26126624349000876,0
42dfc9dd,4,2,1.0881297152071365,2
42ebc3fd,5,0,0.613056225403917,1
4307d287,1,1,1.213136453253707,2
432a4c21,3,1,0.94647575042917,2
432aff11,3,0,0.17758587235513917,0
435bfa7b,5,1,0.4064360279400846,0
43629a34,5,0,0.017889994949851995,0
436dd613,5,0,0.3062825080202917,0
43720c15,2,0,0.7559520634762527,1
43808706,5,2,1.2533821574977255,2
43a7386d,5,1,0.585485813947325,0
43d43363,1,3,1.4033592244725117,3
43e54b20,3,1,0.6767720008305282,1
43f44f6c,4,2,0.5253113772745722,0
43f5d3c5,2,1,0.4387166213817321,0
43fb80d6,5,0,0.6381782361140184,1
43fdba8b,2,0,0.42023948147430557,0
440acf4f,2,0,0.12248718571280981,0
444131bc,3,0,0.2840603753511171,0
4442c376,2,0,0.3064703312257737,0
446757cb,3,1,1.1776846938210865,2
4496d883,5,2,0.4816693503833157,0
44b8622c,4,0,1.1206642360209633,2
44cbf5c5,2,0,0.22530436492331135,0
44eaea78,1,2,0.8482455305952821,1
4505724a,5,0,0.08491070229510156,0
4507da27,2,1,0.9441326281659146,2
4518ed77,3,0,0.2955909382239895,0
451b0cd9,1,0,0.17378441834869274,0
451c11b3,1,0,0.5789677946463979,1
4570c8b8,1,0,0.33789364769163677,0
45ea366f,3,0,0.08761718039417338,0
45eb32f2,3,2,1.133893963639572,2
46170319,3,0,0.24002065501450792,0
463bf3b2,5,0,0.11829291221045385,0
464a75fb,2,1,1.2807589810523434,2
4659aa1a,5,0,0.988430746977151,2
465d3273,4,1,0.7899553037361402,1
466752d9,3,0,0.5064723238132153,0
467c549f,4,0,0.26966788320591134,0
46850373,1,0,0.31474350765033315,0
471e4d12,1,2,1.092578516794384,2
47240aa3,2,0,0.26731827870776675,0
47350ac6,4,0,0.7827024725113658,1
475ebe47,1,0,0.19658017273080175,0
4777151c,2,2,1.0891521397092683,2
47a52eb8,2,1,1.1957461077835854,2
47b3bea1,5,2,0.16816720047981393,0
47c1f368,2,2,1.2170115558581762,2
47c3b47c,4,1,0.3459374481402433,0
47c55e13,4,0,0.4498514687774642,0
47fef4fc,3,0,0.24864664713882884,0
481a1861,5,0,0.4366832800670669,0
4829f7ca,3,0,0.6971356851039167,1
4859a9f9,4,0,0.13368374803019423,0
485d7c69,2,0,0.40308495969548463,0
489fa831,4,1,0.4875975816680105,0
48c205d9,2,0,0.40844601565924765,0
48db8ecf,4,0,0.16229003633834244,0
48df987b,5,0,0.34268673897099544,0
48e69212,3,0,0.3207113821872533,0
491bf457,3,0,0.6588846039302948,1
4926b18a,5,0,0.2969046822645203,0
4940a214,1,1,0.7289167054085115,1
494eba8a,3,0,0.33139822911081573,0
4950e24c,1,0,0.8854663840817405,1
499d4499,4,0,1.0586066452562566,2
49a1931d,1,0,0.3577878884992077,0
49e4eade,1,0,0.49887285471985016,1
49f38606,1,0,0.2516697701198494,0
4a0b1b9d,4,1,0.6706983123001514,1
4a1440d9,3,2,0.4962484098630553,0
4a17b463,3,0,0.2670655504807951,0
4a21eb0c,3,0,0.9359129473618399,2
4a3b6521,1,1,0.34794096560372184,0
4a475a9f,5,1,1.136307184181288,2
4a4a0f78,4,2,1.1044413301398819,2
4a62661a,3,1,0.6408720113293996,1
4a68d751,1,1,0.9088338391312263,1
4a69e534,2,0,0.09292265037307534,0
4a6af685,5,0,0.48092743958969064,0
4a6ea9de,3,2,0.7416104158045911,1
4a9f92ca,5,0,0.1187911834465924,0
4aa87859,4,0,0.36812133222448506,0
4ac5c412,5,0,0.21405670314725772,0
4acac04e,5,2,0.4720579815018408,0
4afa8a76,1,0,0.06260358785593911,0
4b0f961e,5,0,1.0235076275407653,2
4b1f6855,4,0,0.2927691208369103,0
4b20bce7,4,0,0.3326072007859764,0
4b328259,5,0,0.4525770095621886,0
4b3c7594,2,1,0.28170714382445367,0
4b3db4f4,2,0,0.32857829141344386,0
4b51db3e,2,0,0.14214674928747884,0
4b71830a,3,1,0.905419498073498,2
4bc2bee9,5,0,0.5100922004494586,0
4be6f3c1,5,0,0.5315609010176647,0
4c238671,1,1,0.8616667058093302,1
4c37fb30,5,2,1.0297010301128695,2
4c8dfaf0,4,2,0.4237305868758665,0
4ca242ea,4,1,0.9102199523419711,1
4cabd7aa,3,0,0.8837407505428712,1
4cde1e34,3,1,0.8543630307132017,1
4d19854c,2,1,0.5475119760222187,1
4d2d9ef3,3,0,0.07726490431748478,0
4d41bb62,4,0,0.07966987140354165,0
4d42caed,5,0,0.21599503293108568,0
4d5a8ce7,4,2,1.0058661411502303,2
4d61a44e,5,1,0.7367241333749572,1
4da4aba2,4,2,0.9955748401322639,2
4dc4ed56,2,0,0.5276895022495244,0
4dc86a42,2,0,0.35875459140961696,0
4decbcd8,5,0,0.24066626527149443,0
4dfb4e1d,3,2,1.0979722068877762,2
4e052db0,1,0,0.7574886506809533,1
4e314e47,3,0,0.21731033343081774,0
4e58d463,3,0,0.5895473894517078,0
4e6c7a75,1,1,0.3739181770081417,0
4e85505f,4,2,0.8595033961520455,1
4ea3963e,5,0,0.5535976289157395,0
4ea4e6c9,1,0,0.2523464450443882,0
4eade67b,4,0,0.43719942582777555,0
4edb98d8,2,2,0.8402133171249108,1
4f059221,1,0,0.05119272025171373,0
4f059a8a,5,0,0.924183903336525,2
4f20b188,2,0,0.41891959346287777,0
4f2d0925,1,1,0.6256628097337018,1
4f3b33ba,2,1,0.5848257669698809,1
4f3cd5c2,5,2,0.8594028653336113,1
4f93504a,4,0,1.1157550406025796,2
4f96d1e7,1,0,0.20343852855731204,0
4fd7e043,2,0,0.24166957193692357,0
4fe97569,4,0,0.7824740943396774,1
4ffa995b,2,0,1.2830745130809262,2
50242fa0,3,1,0.16497725404790092,0
504ed32b,1,0,0.21109284930149386,0
50707f1e,1,0,0.556239142757415,1
508a0f98,3,2,0.9133433607712411,2
50a90725,3,1,1.0170685807960753,2
50b2b84b,5,0,1.1713556061193313,2
5124169c,1,1,0.9415093895264044,2
5132511c,2,1,1.069247575698697,2
51364c23,1,2,0.6989143614446888,1
515402ee,5,0,0.37676216716577826,0
515dd683,3,1,0.7661085608308964,1
5180ff75,3,0,1.2371013528532215,2
518e5ae6,3,0,0.16879960493137758,0
5198e7b3,5,2,0.43836698821194164,0
51a349db,2,0,0.6649833429158112,1
51c15d22,4,1,1.2181055169754234,2
51eb8d14,1,0,0.6013593741468003,1
51f38b37,4,1,1.4047954551061284,2
51f3feb4,3,0,0.3704684687223038,0
5216ef61,2,1,1.0724509864521103,2
52219dbb,4,1,0.5669222915663183,1
5264bb0e,2,1,0.9851101754094558,2
526f719b,1,0,0.25060211756722284,0
527e796c,2,2,0.6389696206549809,1
528db82d,3,1,0.766433427968563,1
52bd147c,2,0,0.2900922707919249,0
52ce9b8b,5,0,0.2163473230727691,0
52e9e467,1,0,0.6684662365500764,1
5320dac6,2,0,0.8770735765189317,1
53621b84,3,0,0.981229664285005,2
537dc410,4,2,1.191363355442365,2
53814642,2,1,0.42910173441316796,0
53905a2c,3,1,0.3969260555147618,0
53cf99f2,2,0,0.28322936185872927,0
53d20dc3,2,0,0.06779922380830083,0
53ea1e7c,4,0,0.35321228992008236,0
53faf893,3,0,-5.691151908948644e-05,0
54391716,5,0,0.7852964436540204,1
546bfb18,3,0,0.2089093548659106,0
54854783,4,0,0.6343573962960491,1
54868027,3,0,0.21848067593311088,0
54945f30,2,0,0.6667505291731808,1
549712ab,1,2,1.1271816516017956,2
54b35de5,4,0,1.4506546818318102,3
54c87d3c,2,2,0.43612890981391206,0
54e592da,5,0,0.8863065762402548,1
54fef303,1,0,0.6833339975523006,1
54ffe872,2,1,0.3382035969893812,0
55464fb7,4,1,0.527496767209922,0
554e46e9,4,2,0.4842292353707071,0
556604d2,1,2,1.0071569761328105,2
5588f518,2,1,0.47219633146710444,0
55edb6ed,1,1,1.2603427607282045,2
55f9338e,1,0,0.24677598405974338,0
561f2797,2,0,0.2253620619143979,0
56210fdb,5,0,0.14071970144918006,0
5637a5a4,1,0,0.13672695591698336,0
563ebc00,3,1,0.28354171983691867,0
56418caf,4,2,0.7087538523484023,1
56443aba,4,1,0.4823290460366833,0
56761daf,4,2,0.8492801516549227,1
567ecea5,1,0,0.5167446809089205,1
567fd23a,2,1,1.14309963105964,2
568eb64b,3,2,1.0860978324547603,2
56c99b23,3,0,0.24186145369163609,0
56cb7161,3,0,0.18391045695103436,0
56d9dead,1,0,0.04657995207288279,0
56ef356c,2,0,0.2331859797770786,0
571907fc,3,0,0.587063432477515,0
574599a8,4,0,0.19969792242120799,0
574cb902,2,0,0.1667522546102973,0
5775ec58,4,1,0.8239789655841484,1
5779f2e9,1,0,0.2832463632633639,0
579e50bd,5,0,0.5882138697688442,0
57c4f2b4,2,0,0.6248260257471335,1
57d82f30,5,0,0.8727178065681919,1
57de6095,2,0,0.09757203743908344,0
57f6fa6c,2,0,0.08453240057097589,0
580a30c5,3,2,1.1222896137578777,2
58391429,1,2,1.4457856008190137,3
58900fd0,3,0,0.10433394693250725,0
58a255e6,4,0,0.20184894679188803,0
58ada72e,2,1,0.6027214105440686,1
58de61f0,4,1,0.8170958146979128,1
58dfccdb,4,0,0.40600363046291743,0
58f11465,5,0,0.3831721813125203,0
592adca0,1,0,0.3867601827745041,0
592b3b7f,5,0,0.43441154855630026,0
59305d37,5,1,0.8785602384052237,1
59307c13,2,2,0.6055384539104514,1
593a7148,4,1,0.27732584538074023,0
593b5cfa,3,0,0.13068007944063176,0
59402969,1,1,0.904590954815933,1
5985f299,2,0,0.14329228286363938,0
599850d0,2,0,0.2529851181015515,0
59b7fc28,2,0,0.12874760550775805,0
59d7a3a9,4,0,0.305226139406455,0
59ea397f,4,0,-0.00686795762827519,0
5a07e79f,5,1,0.3399340983328051,0
5a2c7642,2,0,0.1711089216327742,0
5a3005de,4,2,0.8851896622516449,1
5a313293,4,1,0.8008609087418579,1
5a3d5e05,3,1,0.5732275892784732,0
5a4b3725,2,1,0.9789007118377149,2
5a5f6d41,4,0,0.5211225730381971,0
5a5f9fb2,2,1,0.4751040826112524,0
5a8712ae,2,3,1.3079012031830308,2
5ac9eca0,1,0,0.19969925416164447,0
5ad85a02,4,0,0.41732972991482253,0
5af79adb,4,0,0.6867497584648601,1
5b299ae1,2,1,0.18390287619873136,0
5b2c9b83,2,1,1.0898576025146496,2
5b4d2604,4,0,0.4142548774454198,0
5b66b6f2,5,0,0.011066948403472221,0
5b9ff85e,2,1,0.6359066782344822,1
5ba201ba,5,1,0.5770481909334648,0
5bcf002a,5,0,0.4661697472920302,0
5c045867,5,1,0.9283450677420355,2
5c186496,2,0,0.18624956611554033,0
5c22f241,5,0,0.1653593325149798,0
5c2c136d,1,2,1.071445384941799,2
5c3b30d7,5,0,0.2379570106336289,0
5cd83147,5,0,0.6166141351242089,1
5d04624a,3,1,0.7944218493484161,1
5d1d7e41,5,0,0.09702474767206071,0
5d3b6ea5,1,1,0.6213084713371304,1
5d48a5b0,3,0,0.09945358928114761,0
5d762840,2,0,0.8656108863161396,1
5d805d83,1,0,0.7826992316782271,1
5d885b20,1,0,0.1439598490491506,0
5daa20e7,5,0,0.2966080161076382,0
5dad24ff,1,0,1.0126960714307656,2
5db3db12,1,1,0.7031982948469173,1
5dc62fec,3,0,0.21227708390525046,0
5ddbac80,5,0,1.1778825716686163,2
5e08237d,3,1,0.557236411229237,0
5e221c50,4,0,0.727650120915651,1
5e2a9e63,4,1,0.18955284425460123,0
5e2c1349,5,1,1.119075194348746,2
5e359a08,4,2,1.2789398142971495,2
5e415f05,4,2,1.069420010024704,2
5e55e9fd,1,3,1.1887068699108294,2
5e57bd12,1,0,1.2511081001698856,2
5e614c1a,1,2,1.2429132049795053,2
5e6490e3,4,0,0.4039899015738939,0
5e6b528e,2,0,0.33978177213400074,0
5ea2c305,1,1,1.0432020999303317,2
5eb063e0,1,0,0.49236008702468204,1
5ed5f205,4,0,0.22936400447862249,0
5ee595e8,4,0,0.5664323730883363,1
5ef3d64e,3,2,1.0385160128317776,2
5f099188,5,0,0.06983145732086626,0
5f1b07e1,4,0,1.058443504765028,2
5f281a62,4,0,0.5597622002206833,0
5f37ceb1,1,1,1.0436934252707382,2
5f574f3d,5,0,0.27240221795402514,0
5f7537cf,4,0,0.8536521449670773,1
5f78f7b9,3,0,0.30845244411718054,0
5f9dddb4,2,2,0.6110908690344925,1
5fa91358,1,0,0.4879627594541904,1
5fdfbe47,3,0,0.33597035418303506,0
603ab4ee,2,1,0.05960334033340098,0
605d6e05,4,0,0.5230451247723331,0
606e979d,1,1,0.8917822119965895,1
60c1ff37,4,0,0.4861501879266844,0
60d1fdee,3,0,0.12153666005409336,0
60d2774d,2,0,0.21235821650543457,0
60f8462b,4,0,0.22743378224449307,0
60fb7cb9,1,1,0.8856642263307126,1
612487a5,3,1,1.217312084104668,2
612b3ff9,2,0,0.49443366200548,0
612dd900,5,1,0.21898535665172875,0
613fc399,3,0,0.5055487109018519,0
613fc53d,3,0,0.3135429789225584,0
614d5517,3,1,0.6372934191706006,1
616fc21f,2,0,0.2607998582034311,0
61823525,5,0,0.15424631793362387,0
6187d0dc,5,0,0.06288494145356294,0
6192e6b6,3,1,0.7548346459503381,1
6197a2ce,3,0,0.8361145817367008,1
620536d0,2,1,0.44441514487648415,0
621066ff,2,2,0.7834841357935889,1
622bb412,1,0,0.13622575539236537,0
6247cc15,2,1,1.1167982019193046,2
624869b6,5,2,0.908910819072805,2
624b9e34,3,0,0.3467921206380865,0
626a608e,3,2,1.0890462490775794,2
6277e13c,2,0,0.4765005721847597,0
6282e693,5,0,0.06720801038913027,0
62839132,3,0,0.43695286411816703,0
6291fddd,5,2,0.6382749469284786,1
62b873a2,2,1,0.4384431408133197,0
62cd5c74,3,2,0.7734288119886717,1
62d0cf97,3,2,0.9305384078050167,2
62f77d2f,3,1,0.4339527526887135,0
632eca98,5,0,0.6336490491741535,1
6332ad59,1,0,0.19580766396440874,0
63334478,1,0,0.3485439625091997,0
6344bba1,3,2,1.2330104571214031,2
635554d2,1,0,0.5585665411369605,1
63a00e40,3,0,0.379811704045058,0
63d4ab9a,2,0,0.3407005423884155,0
63d810bb,3,0,0.7737090538357153,1
63dd16ec,3,0,0.20252359276295206,0
63fc9770,2,2,0.9279042806366016,2
641697e6,1,0,0.2793077564713595,0
641a2b87,5,0,0.2485245781166745,0
646a4c0e,3,2,0.6711440034773299,1
649ff6d9,2,2,1.0923626099456603,2
64b4005d,3,1,0.6965546064247883,1
64ed48c4,3,2,1.212913915799551,2
64fc556b,5,0,0.08427609003246356,0
650bf252,3,0,0.1339614736730858,0
6514c337,3,0,0.3758584954707535,0
6515ef94,5,0,0.2053701817331972,0
654203ec,2,0,0.40472391864238955,0
658e66ec,2,2,0.9320009540053793,2
6595d479,1,1,1.058594039117081,2
659fec57,2,0,0.5006353477589582,0
65af9f2a,4,0,0.45856718622705567,0
65dc81f5,4,0,0.6498267034962542,1
65dfe4b9,5,0,1.2772596778986594,2
65f9369d,5,0,0.5235548620836346,0
65fe69c0,1,1,1.331797758180207,2
66094cfd,4,0,0.5977388330183446,1
6622b302,3,0,0.2472876167423287,0
665abfda,1,1,0.4842471737072086,0
66665e95,1,2,0.7210060449259176,1
6666aed3,4,1,0.7792192633045545,1
6672e527,1,0,0.14187149289818674,0
668a2fea,4,0,0.3320019654750064,0
6699c999,1,0,0.27593674781917193,0
66d86d0b,1,0,0.8767252934988234,1
66ed301e,3,0,0.3485892188662055,0
66f044c7,2,1,0.43748721607128305,0
66f619e3,2,2,1.3604574476239404,2
6708fcd9,2,0,0.1569369777478098,0
672a32f1,2,0,0.12846992931230122,0
673a7e2a,4,0,0.1474186258206051,0
673e7be9,3,1,0.6241158633823588,1
677038b5,3,0,0.17484023529279463,0
6774ba64,1,0,0.303840868116427,0
678598dd,1,0,0.15148420928643197,0
6795027a,4,0,0.3598846230357151,0
679ce4b2,2,2,0.8856130721530939,1
67b54cdb,5,0,0.1253999393705113,0
682327c3,3,0,0.26185351312171967,0
6826f0be,3,1,0.9475331557160067,2
683464ff,4,0,0.531164077899778,0
68572a28,5,0,0.0353530934829035,0
685cc0f1,2,2,0.9209824926362666,1
68688509,4,0,0.6347800592409089,1
687c85e7,5,0,0.5791613191526991,0
6885737e,3,1,0.574136400995486,0
68a59e56,5,1,0.23002551440846536,0
68be3d5c,2,0,0.25079162822839,0
68be5113,4,0,0.08642109009161342,0
68d49292,3,0,0.20987967432964005,0
68e514dc,5,0,0.5288012133255208,0
68e61f96,4,0,0.40724725540210427,0
68e7140b,4,0,1.485346177933848,3
68fa4631,2,0,0.4397233774070046,0
69074cf3,2,1,0.04424619261308316,0
69742f6f,4,2,0.9948136472848408,2
697c41d7,2,2,0.5538003998172558,1
697d894b,3,1,1.1462865008011516,2
698b9067,4,1,0.4082009706188219,0
69b65679,5,0,0.3003627021461597,0
69ccea20,1,0,0.25770562000595953,0
69cdf9c3,4,1,0.5944658721000461,1
69fabb6b,3,2,0.9708505998204778,2
6a04461f,1,2,0.30897522682599815,0
6a138911,1,0,0.5450648636172425,1
6a16089d,2,0,0.4483353344118369,0
6a2c6073,2,1,1.1005952722761818,2
6a2fd807,5,1,1.329139257127166,2
6a4df6ff,4,0,0.024753158623547433,0
6a6da46c,4,1,0.6003213263417055,1
6a7d07fb,1,0,0.23518917913549314,0
6a837387,2,0,0.14503899090428157,0
6a83a423,2,1,0.44633246702159557,0
6a864b11,1,1,1.333161184148671,2
6a98537b,2,0,0.3493145705726631,0
6a9f0db7,4,0,0.10024325257047034,0
6abd21d4,5,1,0.7626279704625797,1
6abd2bd4,1,1,0.9324597687859224,2
6abe8b60,1,0,0.2308402389186321,0
6ac5763a,1,2,0.9668487864248684,2
6ac5eaaf,3,1,0.2619732196092818,0
6ad91972,5,0,0.5442217371913968,0
6ae1473e,4,1,0.4366465539953069,0
6b4b8c14,4,1,1.029126528005995,2
6b6467f4,1,2,0.8234210731595348,1
6b773506,2,1,0.8249974200101783,1
6b9a25e6,1,0,0.2053445272583056,0
6be0f069,1,0,0.5547187458552624,1
6be56337,2,0,0.8584839273337185,1
6becb599,1,0,0.09902890910202194,0
6c0fe935,2,0,0.689738098698158,1
6c2edc91,1,0,0.8840421528772722,1
6c319d99,2,0,0.30346034901526664,0
6c4902c8,2,0,0.646613049041537,1
6c6cd633,2,2,0.5510556543767051,1
6c737069,2,1,0.2324002472790101,0
6d341798,5,0,0.2346301897710233,0
6d5944a9,4,0,0.27874246419749094,0
6d5c5afb,1,0,0.4368857174679315,0
6d707ac3,2,2,0.8211539184060962,1
6d70e716,1,2,0.6441629535996484,1
6d7ba819,3,1,0.1545549903733371,0
6d855495,4,0,0.6928215623834134,1
6db14d48,2,1,0.558593631217431,1
6db453ce,5,2,1.1893995609940076,2
6dfe4a75,5,1,1.085826359675432,2
6e0d4774,5,1,0.8401195881432271,1
6e0ec0fe,2,1,0.7540476667032934,1
6e128c6b,4,0,0.7894850498011543,1
6e1d28b6,5,0,0.58274603821362,0
6e5606d5,3,1,0.39604096612566875,0
6e68bcfd,3,1,0.5476034698167008,0
6e695d70,3,2,0.5648492437664259,0
6e6d895f,3,0,0.43357760489225994,0
6e85a624,4,2,0.3550487587173371,0
6e89cee5,1,0,0.6668713801689846,1
6e9beaee,2,1,1.4067006358008418,3
6ea48a4e,5,0,0.48869366579708107,0
6ebfdc95,3,0,1.0632967360699832,2
6ecb430a,3,1,0.4101929527614225,0
6ed385f6,3,1,1.2233525782043722,2
6eff29da,1,1,0.23864751682418672,0
6f49c8d0,5,0,0.2711248072658859,0
6f5677b7,2,0,0.8488919930141694,1
6f5a31ea,2,1,0.30328055804830006,0
6f878799,4,0,0.6201997545148512,1
6fb28c2a,2,0,0.038242580617874666,0
6fc6b5c4,1,0,0.43419623461255535,0
6fc95dfc,3,0,0.324713200890468,0
6fcdcb2a,3,0,0.745938927093239,1
7015528d,5,0,0.41874592690808743,0
707c82c4,4,1,0.3380598147067062,0
7092a6ce,4,2,1.0492518566758937,2
709457f3,1,1,0.4205816659790284,0
70de1c63,3,2,1.0184667826440246,2
710345b6,2,0,0.12750823397940958,0
7106a387,4,0,0.36058299402817356,0
7151d8b5,1,0,0.3896139754704575,0
71850348,1,0,0.40872821184775543,0
71852781,1,0,0.40660017135167026,0
7187caec,2,2,0.7933472579374263,1
718975fe,3,0,0.3951620288334946,0
7192b2e8,2,0,0.4419707537108237,0
71c1b1d2,1,0,0.11432851855706788,0
71cf0f87,3,0,0.19109315117978942,0
71ee31f8,5,0,0.14471527936488343,0
71f21593,2,2,1.4937854326075224,3
71ffd0ba,4,0,0.402038232053579,0
7214ad21,5,1,0.9019722084702155,2
721ea536,5,0,0.7592321395325866,1
72264d13,4,1,0.579949338860828,1
723ee34c,2,0,0.41256406679140695,0
7250264b,2,0,0.15240422504401768,0
72565f5c,5,0,0.46387364392062497,0
7265f1e5,1,0,0.25369182935780193,0
7290824a,3,2,1.4922274916610045,2
72a0c969,4,0,0.3444976670086509,0
72aa1a30,2,2,1.199402062442298,2
72afd4ca,1,0,0.9126173273614411,1
72bbfadf,5,1,0.6963046604722498,1
72c9c38d,3,1,0.5456888290361428,0
72cb1703,5,0,0.11576852134015725,0
72cc9a64,5,0,0.48904494733589166,0
72fa40ba,5,2,0.729502920177848,1
7305af8b,4,0,0.3580372597371447,0
7308d22c,5,1,0.5400971470164564,0
732b2327,5,0,0.5032337748831582,0
7347b54e,2,0,0.09491998357312931,0
738e7248,5,1,0.8720003437229092,1
73aa6aab,3,1,0.9488302658407152,2
73d0e0a0,5,0,0.6052962566405758,0
73ec551e,5,0,0.1493379198926481,0
73ffa609,5,0,1.1532633008584459,2
745e6065,2,1,0.5517913841208597,1
7494989e,5,0,0.040022974560802616,0
7498fbde,1,1,0.6018919875341214,1
74be50af,1,0,0.19147169919267593,0
74c2bd81,1,1,0.9152234104286227,1
7514c6f4,4,2,1.2542749476148936,2
75311a3f,2,0,0.7360306480517966,1
7533a4a9,2,0,0.631470561246058,1
75927c18,3,1,1.1405666741622227,2
759328e6,5,2,1.297968313470703,2
75ad73ee,4,0,0.24718856910007464,0
75b0446f,4,0,0.6528390788498717,1
75b53bd4,2,1,0.2746970629380611,0
75bcc1e0,1,1,0.35777938470516746,0
75c13e08,2,1,0.4679356545239174,0
75db1257,1,1,0.8234921922936681,1
75f26948,3,3,0.880536983954461,1
764d8b42,4,0,0.10570759455089623,0
76781cd8,4,1,0.3345971525347719,0
7698543b,5,0,0.8838396190122231,1
76c9bf0e,3,1,0.6585838970419771,1
76dc0e9f,1,0,0.23628750604338278,0
76dfa86c,5,0,0.11167877932763587,0
76f8f621,5,1,0.4353908469306713,0
76fb4afb,3,1,0.11978104903546455,0
76ff59f2,3,0,0.42050231752423567,0
7752d450,3,2,1.140736053240904,2
776d33af,4,1,1.2864888444877653,2
777a3e9d,4,2,1.080908050811543,2
77941a98,1,0,0.3529132614109749,0
77a5b2ad,5,0,0.28599829694322276,0
77bfe07c,1,0,0.7552794474862428,1
77e460ce,2,0,0.36117893659347344,0
7800a084,5,2,0.9924815177424791,2
781710fe,3,0,0.05828393471366611,0
782a0589,1,0,0.6232408718034719,1
782af70b,1,1,0.7430591732349214,1
7858fd16,5,0,0.3351844613771726,0
785d0663,3,0,0.7453219600947689,1
7860b64c,1,1,0.44740482356069633,0
78667893,4,2,0.21276293676802488,0
78704d22,1,1,1.0298901644034113,2
787654dd,3,0,0.2009971203013316,0
788268a4,1,0,0.18102335747124715,0
78a34e5d,1,0,0.2186181911712195,0
78b488ff,4,0,0.22571185442684988,0
7914b38b,3,2,1.5534138681227923,3
792d2fa5,3,3,0.5526242255698094,0
793c2e31,5,0,0.2637198434947065,0
79483148,3,1,0.5904986762054312,0
7958e61b,5,1,0.5960194364080516,0
79629cf4,5,1,0.4070439148063679,0
7975694f,4,0,0.3602016126505884,0
79bd36b6,4,1,1.1255838607087882,2
79de3beb,1,0,0.6331769895256104,1
79e496f2,4,2,0.8322545962529474,1
7a0136e0,5,0,1.1599500850009894,2
7a5fccc9,5,1,0.33144202742359485,0
7a6d26a2,2,0,0.528019350323069,0
7a86fcd2,2,2,0.9116861903518417,1
7aa3a145,3,0,0.13249692582879807,0
7ad92034,5,1,0.5961566057092994,0
7af8eac0,1,0,0.10303147774015814,0
7b0a4060,1,0,0.22482393562954417,0
7b516283,2,0,0.4091842930195366,0
7b543871,4,1,0.39118442098729755,0
7b78e634,1,2,0.8059671534048376,1
7b8842c3,1,2,0.8474258640071604,1
7b9690de,5,0,0.4572589023320365,0
7bbde46f,5,2,0.20770946886648584,0
7bdbf66f,3,2,0.36600714904940723,0
7c02f4ec,3,2,1.3386459771198025,2
7c194077,5,1,1.4991342142146777,2
7c1d7ddd,4,1,0.42549728235675355,0
7c21ad67,1,0,0.4784186813278875,0
7c29e92d,4,1,0.747894780617318,1
7c39c8e5,2,0,0.35099745852763964,0
7c6ca1d4,3,1,1.0449175757439833,2
7c6cbfdd,2,0,0.07029515495455052,0
7c71edac,5,0,0.6251778073243006,1
7c8f0c95,2,2,1.2478556260929756,2
7ca548f9,3,0,0.1747853959941928,0
7cb1e4c7,3,0,0.4745753947195722,0
7ccdb9f2,1,0,0.6123739868248116,1
7ce36c38,4,0,0.4991771836105561,0
7cf3bca6,3,0,0.5543728412417068,0
7d0a92d5,4,0,0.6053356703401208,1
7d22cd0a,5,1,0.2364513766313393,0
7d2f236b,1,0,0.2352178533208088,0
7d40a714,3,2,1.2555514855477683,2
7d666f0f,4,2,0.5315371996322027,0
7d751a6a,3,0,1.102980063057771,2
7d878d0d,5,1,0.7467012011022882,1
7d8f1716,3,1,0.7385611100366082,1
7d927bdf,5,0,0.5227582710948434,0
7dae6de9,4,1,0.32217697404123585,0
7dc65b92,5,0,0.8141415579189069,1
7dd54e69,4,2,0.62869720528929,1
7deeb4fe,2,0,1.1740517286117373,2
7df487b1,2,0,0.540953154637757,0
7e33976b,5,0,0.11205139062561342,0
7e41db05,3,1,0.9971287032390336,2
7e46b693,4,1,1.0012621340604553,2
7e71aa83,3,0,0.5502887986741298,0
7e87087b,3,0,1.0363349356168319,2
7ebca7c4,5,0,0.5882476626925027,0
7ec65d94,2,0,0.13077640677852376,0
7ecea16d,2,0,0.09090452505118762,0
7f04b4fc,1,1,0.5673505443220804,1
7f1063e4,5,1,1.0827369096075303,2
7f26f78c,1,1,1.1649891026543453,2
7f2715b4,1,0,0.3321780672586755,0
7f44236f,5,3,1.0024590244333382,2
7f5aeb05,4,0,0.4111624290108811,0
7f950ef2,1,3,1.169488808024682,2
7fa51811,2,2,1.1619589930155647,2
7fa7ccc4,2,0,0.29159724488934363,0
7fceb836,1,0,1.0458068831601781,2
7fcf0046,3,1,0.7123168147782045,1
7fd40f2b,1,1,0.5972676687296012,1
7fe0a99a,1,0,0.5575376518648906,1
8017f13e,2,0,0.9093893954179433,1
8033847f,1,1,0.8848173042025436,1
8068fafb,1,0,0.28752676540463606,0
806d877f,1,1,0.6021789865183256,1
80784c40,3,0,0.5749378025388783,0
8078b7de,4,1,0.5550234210953717,0
807d8908,3,1,0.6069832420605389,1
80a5f1e1,4,0,0.7332985410228194,1
80a9f2bb,4,0,0.22833984176240602,0
80b46ffb,2,1,1.1963275323417148,2
80d8829a,5,0,0.17818808566842786,0
80ed2bcf,1,1,1.2150000566356494,2
81095901,4,0,0.299657676097288,0
812f6873,1,0,0.5841943459865833,1
81364a4b,1,1,1.1765443389207726,2
81394e0e,3,1,0.646466316022037,1
813e7f93,2,0,0.12609798063856903,0
8148c785,5,3,1.5167566590501957,2
816b0564,3,0,0.7310797946575689,1
81766b8a,1,0,0.5247603886431328,1
8189aa29,5,2,0.6678522410837059,1
819ad5f1,5,0,0.25880764754693936,0
81a4b826,3,0,0.4160051424742189,0
81c0b83c,5,1,0.2529579024794302,0
81d3ab22,5,0,0.9042824511122379,2
81d607bb,5,0,0.2052484470043292,0
81eaf4c1,4,0,0.09107874447803516,0
81f60502,4,1,0.5116152784727317,0
81feecad,3,0,0.6085358903113625,1
8226bbd4,4,1,0.40301458827979797,0
82422684,2,0,0.9421698665814362,2
8256a969,2,0,0.2629736952899628,0
828b31ca,5,0,0.1186319154135152,0
82923551,2,0,0.10538077129722662,0
82a114c1,5,2,0.6978326374701151,1
82ec9747,5,0,0.12752388713651697,0
8310a02f,2,0,0.4013847427345777,0
8328c8b3,5,0,0.9025615663872204,2
83379672,4,1,0.3264018718449487,0
836b4de3,5,0,0.6413523138214412,1
83711ef5,2,1,0.7337622564803155,1
8376acc5,2,0,0.26777434515312115,0
83846d0c,4,0,0.3357834543123047,0
83912085,1,0,0.3316074552774696,0
839b507a,4,0,0.15209969003404322,0
83c33097,3,0,0.39738795048833,0
83eda373,5,0,0.2936227042340784,0
83fb5ee0,5,0,0.2097721679632384,0
840ff4b7,1,0,0.10156450093635394,0
844b87f8,2,0,0.20742982129456505,0
844be9e4,1,0,0.27035627781961896,0
84875079,4,0,0.34982834864176393,0
84a16b14,1,0,0.531162707521623,1
84b7d89d,3,1,0.927280190343168,2
851b425b,2,0,0.3530591832289305,0
852adec2,3,0,0.3062559022521199,0
85452335,3,1,0.6757970145792713,1
854eb237,2,0,0.37053333068761546,0
85525f8d,2,0,0.3839452158206657,0
855c6099,1,1,0.4803778711595706,0
8570ea5f,4,0,0.633960591387976,1
8572d442,4,0,0.9485253137078153,1
857baaa6,3,0,0.6517879781350473,1
8581b9a1,4,1,0.7192421190691026,1
858ae6a3,5,2,0.8232753275109377,1
858be19a,2,1,0.7129120066721603,1
859cbb27,1,0,0.26001585442070985,0
85a1082c,4,0,0.46853006041122375,0
85b027ee,2,0,0.39983367948707565,0
85ba333f,5,2,0.4943352518484546,0
85d99199,3,0,1.0112431202583698,2
85d9c915,5,0,0.2874639607959782,0
85f23af6,1,1,0.21291034977994727,0
860f4f9c,3,2,0.5334961914804103,0
861188f4,4,2,0.7651324600269709,1
861fd4a0,4,0,0.21078025110779192,0
86335468,2,1,0.6715566431489219,1
863e40c7,3,0,0.6961852475762765,1
863f7033,5,0,0.94279007839903,2
866a08b7,2,1,0.21502893618392677,0
86a8e0d6,3,1,1.1259041212356093,2
86bd716a,2,2,0.6911273230500264,1
86e56299,2,1,0.7220312240573127,1
87050a09,2,0,0.5377319906714015,0
871b2b19,4,0,0.3481405486247834,0
874a348f,3,2,0.8693032931634244,1
87509a7b,4,0,0.27412437558051206,0
876a929e,3,2,1.1134795138573184,2
8772f64b,1,0,0.8183180299845313,1
87a60251,4,0,0.06223120855379072,0
87af775e,3,2,0.5389632360770557,0
87b78ee3,5,2,0.7721329232594751,1
8823b020,2,1,0.5114743701972059,0
88300a4b,2,0,1.0974552131642423,2
884c429c,5,0,0.04367240109870352,0
8875387b,4,0,1.044875495590352,2
8877cdee,2,0,0.29766440985431986,0
888c45f9,1,1,0.13801612729379326,0
88c640b9,2,1,1.154421791859598,2
88cdb5bd,1,2,1.1519993678197478,2
88e04d93,2,1,0.8554023801316253,1
891193eb,3,0,0.5955390949840577,0
891b8cd5,5,0,1.1983003118321416,2
89261ca6,1,0,0.39067913015406736,0
893293dd,1,0,0.12900657043313174,0
895f9725,4,0,0.9096267492753388,1
89739b1a,3,0,0.251451693063179,0
897da2c8,4,0,0.2702049935629714,0
898096eb,3,0,0.16239144829039887,0
89a26502,2,0,0.4452104455432729,0
89bd10b7,3,2,1.0074428399565547,2
89d475e2,2,2,1.1948140164344578,2
89d7d2c3,2,0,0.2004506566885338,0
8a444a98,3,0,0.3043249788225315,0
8a44ea3a,4,0,0.2903767817187867,0
8a4d341b,5,0,0.31207197085108623,0
8a4e5d1a,3,0,0.9375301572765673,2
8a645723,5,1,1.1961008370222381,2
8a6b6912,1,0,0.2507513039163614,0
8a77c3e9,5,1,1.1010748010904563,2
8a77d185,4,2,0.638219322195494,1
8a78a063,4,0,0.14239763563362073,0
8a9cce44,4,2,0.4087062411591147,0
8a9e653f,1,0,0.038385389863514696,0
8abbbc38,5,0,0.43978076735263294,0
8ad5e251,5,0,0.19935522395993444,0
8ae6a52f,4,0,1.2444593450996,2
8b02eb7e,1,0,1.3943283613749902,3
8b3c900f,5,0,0.5121978570384186,0
8b4b9648,4,1,0.572453457995526,1
8b6a40f5,3,0,0.7619288600316687,1
8b802ca8,4,0,0.05212934901558519,0
8ba98f12,3,0,0.10585254133161132,0
8bc5199c,3,1,0.3914993224784665,0
8bf72a9c,4,1,1.4699029812867348,3
8c0ca955,5,0,0.7743232058916665,1
8c122779,3,0,0.8316626296468761,1
8c1f9196,2,1,0.7700252085722938,1
8c5a5a21,3,0,0.6557665943589857,1
8c6c52a2,3,0,0.2939984589417985,0
8c97411a,3,0,0.3480721334479657,0
8c9c253d,1,0,0.576890966443194,1
8ca025c3,3,0,0.2618272081245939,0
8cab7bc4,4,0,0.5193278074731625,0
8cb19d64,5,1,0.24184677218721362,0
8cfcac79,1,2,1.0506304784284888,2
8d010562,1,0,0.376176128317265,0
8d055cca,3,0,0.8047409929283194,1
8d11c14a,4,1,0.31201775477924953,0
8d8b8553,2,2,0.5142177005254707,0
8db09bb4,1,1,0.7550499731157261,1
8ddb6b8d,4,0,0.487547150203431,0
8e24b103,1,0,0.23410350721877637,0
8e380413,1,1,0.640230849906057,1
8e59a69a,5,1,0.48845724333985496,0
8e749c85,4,1,0.9684416222673629,1
8e770d51,3,0,0.3531348615260427,0
8e80deb7,2,0,0.7343254970889914,1
8e93a873,1,1,0.9850663404547532,2
8ec2cc63,4,0,1.002455363819541,2
8ef72e3e,3,0,0.009576422748627578,0
8f015125,1,0,0.8314527595697287,1
8f112082,5,1,0.8205500251537368,1
8f13c52a,5,1,0.7962080510062571,1
8f1e1df6,4,0,0.7307359585503082,1
8f21c613,4,1,0.7868757870028084,1
8f2d131f,4,1,0.6550759788627677,1
8f39a0e7,1,1,0.3773589632620563,0
8f68479b,4,3,1.209661388041564,2
8f753551,3,0,0.5084660410988854,0
8f9c03c6,2,0,0.02850667604245205,0
90161e10,2,1,1.2227492478113593,2
9027c805,4,0,0.2737845073222421,0
9052579b,4,0,0.40880366450596384,0
9061cc9c,4,0,0.03445214946545139,0
90778278,3,0,0.16306784527344104,0
908b1207,4,2,0.8230571968087641,1
90a37530,3,0,0.05548287226518955,0
90fee6b1,3,0,0.3880811806696217,0
9105b812,1,1,0.8654384962290422,1
91098060,3,0,0.5945301281773987,0
911d1406,1,0,0.7377899167920176,1
912a91b0,4,0,0.5785387683772093,1
9130a22e,5,0,0.2938639578028053,0
91386987,4,1,0.704899788060333,1
913bea9f,2,1,1.3176973779325352,2
91656d27,4,1,1.2540213325097365,2
916f7069,5,0,0.5350854165370279,0
9173f25b,3,2,0.8027898832380242,1
917990b2,1,0,0.9819868271860266,2
9181b136,5,0,0.13081207747132545,0
91930eec,4,0,0.2694427178267048,0
91942b42,4,2,0.4729846323172737,0
91a5d06e,4,0,0.1025965802635051,0
91e23cc5,5,2,1.22643839745324,2
91e86c47,4,0,0.45206315832582794,0
91fdc1e0,3,0,0.6631325768907312,1
92031591,2,0,0.8001137614775795,1
921146d1,2,0,0.28714869469808535,0
92293b06,5,0,0.7764693530554566,1
92622443,2,1,0.5562645277762442,1
926a64d8,1,1,1.2714988328779064,2
926b3a76,5,3,1.2336915724472346,2
926bd07e,5,0,0.32794364784778207,0
9271574b,2,0,0.44103216204034357,0
92b18571,1,0,0.3033808470826172,0
92bb8516,1,0,0.3685048285954268,0
92bcf0e7,3,0,0.1456928423447828,0
930c567c,3,1,0.609204318880331,1
93188a17,2,0,0.4473496012099839,0
932b5928,4,1,1.0287901613662755,2
93363059,5,1,0.9736176075976257,2
933da99b,1,0,0.785823887050437,1
93507a1b,3,3,1.4263429943650012,2
93559639,2,0,0.14683614406393958,0
93904b23,5,1,0.9951433525404856,2
93c06d4c,2,0,0.46940490866785184,0
93c72a97,1,0,1.000549049085927,2
93c93585,2,0,0.4890408397031988,0
93cdae1c,3,0,0.7320028714820968,1
93f8b501,1,0,0.3164790582908282,0
93fd93c4,4,1,0.6655253367115271,1
93fda84a,2,0,0.1105542767280514,0
9402b885,1,0,0.8873685081557836,1
9405bad1,3,0,0.27204095323551125,0
9416d70e,4,1,1.1674052637549073,2
945d802a,2,1,0.6048495145852879,1
948a7025,4,0,0.21272097755977842,0
948e1435,4,1,1.0390205150340874,2
94902bc9,2,1,1.434999804617756,3
9498cc26,4,1,0.8024813838417835,1
949f94e5,1,0,0.2273895132008258,0
94a1053b,5,1,0.9778626696663929,2
9508b72f,5,0,0.6087332879544863,0
9521093f,2,0,0.997265571716343,2
9540fa8e,2,0,0.3654884423796949,0
95488452,1,0,0.04758184003391641,0
954a4c2e,2,1,0.6335737205632509,1
9568e659,2,2,1.1511110174967703,2
9570bfb7,2,0,0.06173181985793186,0
957dcb7f,2,1,0.0981023660003757,0
95cc96cc,2,0,0.10554499450445554,0
95d57ff9,4,0,0.8449087250223234,1
95e04c4b,1,0,0.10988147339229676,0
96262441,4,0,0.2017546699952364,0
9646a500,5,0,0.26145870980497654,0
96595f1d,4,0,0.18508097221164949,0
966161e7,1,0,0.04384285963392731,0
966fffd0,1,2,1.1187702666542862,2
9682cd0d,4,0,0.3372379951101396,0
96d6034f,3,0,0.14783003334084965,0
96de5f57,5,2,1.0053241737602163,2
96f13763,4,0,0.09248818381926976,0
978218e6,2,0,0.4350328025223802,0
979a5c76,3,1,1.0061283690661385,2
97bb0cc0,1,2,0.8955995956295755,1
97d0593e,4,0,0.3732398563022582,0
981568fa,5,0,0.6586406764033688,1
983bcb5b,3,0,1.0382656592897472,2
98413061,1,0,0.14233239889728622,0
9853fb61,5,0,0.6344892849798683,1
98a4be3f,5,0,0.8218285391155336,1
98a81a90,5,1,0.7715871886462203,1
98ed2153,2,2,0.8536513158384176,1
99205f42,2,1,0.8452761749887348,1
99328d2e,3,0,0.7407466777148755,1
994ee014,2,0,0.30043757682573613,0
99752704,4,1,0.6890285170546945,1
9977fb0f,2,0,0.42757875608624035,0
998115f3,5,1,0.5781807267603216,0
998cfa64,5,0,0.22225113755403686,0
99a1711f,5,1,1.0243548284867499,2
99a8a9e7,3,0,0.21843034728451272,0
99b15811,4,0,0.47870231811598574,0
99ec8c4a,2,0,0.5379247606165922,0
99f0cc53,1,0,0.21275387656492628,0
99f3be05,1,1,0.56851602780755,1
99fe5b44,4,0,0.6382853283387698,1
9a2082cf,5,0,0.2958255972640944,0
9a50d2d8,2,0,0.8980823698311706,1
9a5aed6c,1,0,0.7950736785314837,1
9a76906d,1,0,0.3238983354805237,0
9a7e4c38,3,0,0.5441722521125156,0
9aa1a2ae,4,1,0.43675973701031556,0
9aa36639,2,0,0.07593890969697248,0
9aab3e36,1,0,0.36536027076010114,0
9ab4909f,5,1,1.2289324534842931,2
9af5548f,4,0,0.6749144725069086,1
9b328d6c,5,2,0.8562406398173297,1
9b5f13ec,2,2,0.9845102544089721,2
9b96b0e4,2,0,0.44620339885943017,0
9bc60f80,5,1,0.2924922062226953,0
9bd745aa,4,0,0.8838565119203723,1
9bdd6964,2,1,0.2066310465454645,0
9bf7051d,4,2,0.9262504100211835,1
9c12f80d,2,0,0.12536130327010891,0
9c1ea003,1,1,0.6348019253243444,1
9c23dba9,4,1,0.704661275275098,1
9c2df71f,5,0,0.04461430742412498,0
9c589c9d,5,0,0.08479749458697233,0
9c7a1561,1,0,0.22343203944726686,0
9c9cd7ef,1,1,0.38841612023549055,0
9cb303cb,3,0,1.4124195311725005,2
9cb32129,1,0,0.20188187443932226,0
9cba0d0e,2,1,0.6228078036491848,1
9ccbc70b,4,0,0.3067492786507279,0
9ce139d3,3,0,0.11215082059364512,0
9cee3c19,5,1,0.5545077390670428,0
9cf04c41,4,1,0.6660168619710797,1
9d0670dd,1,0,0.1447789494071624,0
9d1b2d2c,5,0,0.13758308287939197,0
9d29b706,5,2,0.6626483820349213,1
9d39f0da,2,2,0.5334652488902125,0
9d5826bb,2,1,0.6121986894118792,1
9d65adbf,3,1,0.9984354992352198,2
9d6b1410,5,0,0.2411541873502187,0
9dbdbebf,3,0,0.058972706168321176,0
9dc74359,3,0,1.31844884608656,2
9ddb06db,3,2,1.1850835044859582,2
9ddfb9e6,5,1,0.9134890602179517,2
9de6a614,2,0,0.7623066715240209,1
9e027e04,3,0,0.25989287377429343,0
9e052412,2,0,0.20233926810270553,0
9e171735,3,0,0.5536689948668846,0
9e29b5d2,4,0,0.569658557656648,1
9e4385f7,1,0,0.7792984236388736,1
9e7860ef,5,0,0.21561537202565856,0
9e964060,5,2,0.2138879833521159,0
9eb283e4,4,3,1.0186117131812624,2
9ebb73c7,2,0,0.5248893927573137,0
9f3ca269,4,1,1.191127555129837,2
9f5f15ef,4,1,0.9150019262885878,1
9f6b9158,1,2,0.819104102945059,1
9f70688f,4,0,0.028745701433311344,0
9f9be55c,5,2,0.6548158469318529,1
9fa5cdfd,5,0,0.2397667697402297,0
9fa68512,3,0,0.06927225863372499,0
9fb96ae3,1,2,1.2076777507129048,2
9fbc09a6,1,0,0.2605270587168061,0
9fbf31f9,2,0,0.386043034297173,0
9fbfa81b,2,0,0.32704556346846636,0
9fec142f,4,1,0.8658840443603821,1
9ff73d95,5,0,0.29980264909169607,0
a00c3ab0,1,3,1.5004232733897354,3
a00c85e7,4,1,0.865003803129112,1
a0182b17,2,0,0.7995761814652471,1
a0277c1c,5,0,0.44490711149149775,0
a032d7bb,5,0,0.46232036009833877,0
a0482f47,1,0,0.4678895420644372,0
a0497d5d,3,1,0.8282297738885595,1
a0510686,5,1,0.12214565577424102,0
a0522c83,4,2,0.4940244762980812,0
a07ec6fb,2,1,0.6459417597289523,1
a0811cc1,3,0,0.5349926202753904,0
a08ebf6e,5,3,1.0240813425345916,2
a0dffdeb,3,1,0.2955443497946101,0
a148b46f,3,0,0.33313520913314276,0
a17f6cfd,4,0,1.0065520583292116,2
a1814875,2,2,0.8048769501042339,1
a1942b0b,2,0,0.32273441544337134,0
a196148e,1,1,1.494657643368391,3
a1ab89aa,2,0,-0.016372107733287677,0
a1df952c,4,1,1.3818611084280814,2
a1fe4f51,1,0,0.06363535645474339,0
a213c519,3,0,0.9768404627703673,2
a217e790,1,0,0.3439890691456391,0
a21ad8c0,1,1,0.9177851246416938,1
a221c60c,1,1,1.1279954510436592,2
a2240f50,3,2,0.7577316445542237,1
a263a68c,1,0,0.39019174839378656,0
a26c3e8f,3,1,0.29495138430168455,0
a28c7891,4,0,0.8755638498831616,1
a297d1b9,5,0,0.16476883440965062,0
a2994e55,1,2,1.2277308215592448,2
a2a8f352,3,0,0.11869277456849436,0
a302a015,5,1,0.34069731514051405,0
a30e6178,1,0,0.53433941865707,1
a317c78a,3,0,0.4921648640311947,0
a3391798,1,0,0.15795368753646866,0
a3413f0a,2,0,0.3475045537282926,0
a363ec1b,2,1,0.7687697410441934,1
a3858c6a,3,0,0.931527143277,2
a38699a5,1,1,0.419858196576068,0
a3abe528,3,2,0.4796242832132616,0
a3b146ca,5,0,0.23553385611159605,0
a3bd8858,5,1,1.1945471265452172,2
a3e53e34,5,1,0.6936280396216588,1
a3ec2999,4,1,0.5087720520156792,0
a402c6c8,4,0,0.36172961660467107,0
a40c8316,1,2,0.9374696623246671,2
a4481101,2,0,0.7156382584854244,1
a45230f4,1,0,0.7168564768002827,1
a4530b41,1,0,0.13274248794702953,0
a457a4ab,2,0,0.21337309786323577,0
a49eda7f,1,0,0.7748468099361032,1
a4be0322,1,1,0.585945179860794,1
a4c15213,3,0,0.3752919662731181,0
a4e0447e,3,0,0.5173119351936907,0
a4f13c0d,2,0,0.8702692249125544,1
a5024ef9,1,2,0.49920467586073636,1
a5078c62,5,0,0.6491654342393933,1
a5099438,4,0,1.4122786196949693,2
a5356446,3,1,1.0911797738291424,2
a54d22e7,3,0,0.2390053083359328,0
a55b715d,4,1,0.7899713407041601,1
a5710c0a,3,0,0.4571114616022447,0
a5974a7d,1,0,0.40917164710727905,0
a59b2411,2,0,1.0818191187303934,2
a5a737f3,3,0,0.4522722396597099,0
a5c87de6,2,0,0.30180164448979196,0
a5dbb00a,5,1,0.5442494426852758,0
a60b8575,1,2,1.5086550855021195,3
a614af1b,4,0,0.5089019107078585,0
a62edc1c,5,1,0.09957969712254422,0
a65b2226,5,0,0.3490340269089216,0
a6969e1a,3,1,0.4849521935320962,0
a69f89e2,3,0,0.3883336446627509,0
a6e72e9d,1,0,0.23397106911653281,0
a6fbb2e7,5,0,0.29530163202158793,0
a70bb2c5,2,0,0.6192018838050262,1
a70e9a7c,1,0,0.5756246205460926,1
a722f648,1,1,0.4916956863334373,1
a7639eb5,3,2,1.235081454851179,2
a774c63b,5,0,0.5340908587137304,0
a78766db,2,0,0.8198646844331847,1
a7b9546a,1,0,0.43467061886712255,0
a7d2852d,1,1,1.270952322362238,2
a808ad0a,4,0,0.893674228475923,1
a814e825,2,0,0.6038338182570602,1
a84922d2,1,0,0.5415581443473992,1
a84ae7e0,2,1,0.7748095083653972,1
a8722cde,4,1,0.8105164836916922,1
a886c07b,2,2,0.7422958619440482,1
a88cd304,5,1,1.0562139135346706,2
a8926a86,4,2,1.202206601294984,2
a89284b2,3,0,0.2494678974919714,0
a8b0428d,2,1,1.403956801987941,3
a8c1aab5,4,0,0.3357475607191593,0
a8d90be8,4,0,0.7542997912767968,1
a8d9de72,4,2,0.5039863104643404,0
a8dc2e05,4,0,1.057184703074078,2
a922ef3f,2,2,0.3040073987173548,0
a952659d,4,2,0.7582018629607322,1
a9595acd,3,0,0.38581494785274073,0
a95b4487,5,0,0.38195179087298703,0
a9717f92,4,0,0.5201182879515345,0
a971b3b1,1,0,0.1327087137813282,0
a9aa2336,3,0,0.7219351948326742,1
a9b84b96,4,0,0.05218533892346988,0
a9c3b925,1,0,0.37710342007551934,0
a9c53cdb,5,1,0.2711516296991651,0
a9c5f872,3,0,0.5488123081386613,0
a9e5794a,5,0,0.536043831981978,0
aa1700c7,2,0,0.2571405636315532,0
aa295760,2,0,0.31439433832735614,0
aa61d9da,3,0,0.9484075530461188,2
aa776ef6,2,0,0.052262594629032155,0
aacb0b33,5,0,0.8683973231184605,1
aae9800e,4,0,0.9074055892659592,1
aaefeff0,3,3,0.9367978315838903,2
ab16a20d,1,0,0.5414278531844781,1
ab1dc378,1,3,1.1788723534339658,2
ab2ad965,4,0,0.2030557011082076,0
ab36aa48,3,2,0.43301504795877394,0
ab4b6c15,5,1,0.818339712615181,1
ab4fe82b,2,2,0.631464808625199,1
ab54c39e,5,1,0.763783950939398,1
ab5889ef,5,0,0.0809079168689183,0
ab6e1b81,4,0,0.19890196352732253,0
ab71f143,1,0,0.5693075011222911,1
ab8245da,4,2,0.4155555487702085,0
ab987c75,1,0,0.37483825289902495,0
abac67cc,1,0,1.1792259818219581,2
abaf745c,2,0,0.19419688711309974,0
abb3b071,3,0,0.6125866455970345,1
abd1b232,1,2,1.2110977669980911,2
ac1ad4a7,4,0,0.17496553180865115,0
ac29ec80,1,0,0.16628990861513893,0
ac31e154,5,0,0.4559594312348916,0
ac3ba541,4,0,0.17448845850753608,0
ac5fad3b,4,0,0.20619902604800322,0
ac66c144,2,0,0.023957164189644553,0
ac675a81,4,1,0.4276229934390825,0
ac67c949,4,0,0.15831520280973332,0
ac967bb9,4,2,1.0992817231039802,2
acb75c15,5,0,0.5691852836603238,0
acde8e47,3,1,0.7277972327258972,1
aceefa4f,4,1,0.8819269678160899,1
ad0bbf35,4,0,0.03958475012392426,0
ad1dfc9a,2,0,1.0327558548030065,2
ad319a21,4,1,0.7342005749929325,1
ad380962,3,0,0.24278145515584398,0
ad536dea,4,1,0.5890130728096096,1
ad8189bd,2,3,1.1637969800209538,2
ad8945e3,5,1,0.44471097438019225,0
ad9f821d,4,0,0.6898212405301972,1
adaf7461,2,1,0.6402285237629174,1
adba23f0,2,1,0.35985811073962504,0
adbd6839,4,0,0.3860697916211904,0
adc2d620,4,0,0.33287367586360506,0
adc71322,4,0,0.5330059389211692,0
ade50eba,1,1,1.194396394715202,2
adf444ff,2,1,0.5099060259655437,0
adfef47a,5,0,0.0942575184633711,0
ae4fdae6,4,2,1.145484225473928,2
ae6e4380,4,0,0.26388434454025245,0
ae712150,3,0,0.6862649186809304,1
aea63a78,2,0,0.26518807231378794,0
aea92843,1,0,0.21733013020144815,0
aecc7e74,2,2,1.1654732520808555,2
aed29ee7,4,2,0.8545978839914117,1
af1c2775,3,2,1.1344865393596324,2
af485add,1,2,0.8949401738657516,1
af4f064e,1,0,0.2861339154391322,0
afa6cc9b,4,1,0.6441918991348923,1
afa92c37,3,1,0.7576770827736694,1
afae8244,5,1,0.36669930593286154,0
aff48273,2,1,0.7263102540083337,1
b01cb004,5,0,0.23711771563863376,0
b074f33b,2,0,0.4878003712394612,0
b08423c5,4,1,0.8042912292616753,1
b08f0ca4,2,1,0.06858323390071497,0
b092b360,3,0,0.5903791790637136,0
b0ab15a7,1,0,0.17603927537952885,0
b0b57cb7,4,1,0.3251860127798964,0
b0e96997,2,1,0.3954150246148122,0
b120a337,3,0,0.5794657884544612,0
b13e0cd0,1,0,0.8801777075621933,1
b1883100,3,0,0.05375790641234213,0
b1a00510,1,1,0.35743933561525154,0
b1bc2fe4,2,0,0.03445327113287122,0
b1de4423,1,0,0.09882132058855125,0
b1f064ac,3,0,0.8291550311490846,1
b21f7b12,5,1,1.1213309348839569,2
b2290813,4,0,0.9702666234903549,1
b2382d94,2,0,0.08462725368647556,0
b23b9220,1,0,0.7178811035692692,1
b2594910,5,0,0.4975844423056807,0
b25abc27,4,2,1.0995237912770954,2
b285eac6,3,2,0.23549372703888288,0
b2987a65,1,0,0.46325088852903945,0
b2a73566,2,0,0.8362003647725216,1
b2b56219,3,1,0.5740297226039552,0
b2b792a7,4,0,1.314439936945676,2
b308c03e,2,1,0.7372078564152865,1
b318f1d9,1,0,0.17668967342271663,0
b31dd1bb,1,0,0.8349503820347773,1
b347b9cc,5,0,0.24515727847279173,0
b37281d5,4,2,0.4565887094376736,0
b39504a7,5,2,0.9162988412852484,2
b397a73e,1,1,0.40119478927373076,0
b3b200af,4,0,0.45698119187485264,0
b3d74a58,3,0,0.07755626257489134,0
b3dade53,1,2,0.896772963429841,1
b3e10f59,4,0,0.11880413357832836,0
b3e14267,4,0,0.7264144473271865,1
b3f5c066,4,0,0.5307591356604061,0
b4002374,5,1,0.8567501267467181,1
b412866b,1,1,0.9006576890667599,1
b41cee02,4,0,0.3822641369601614,0
b447e66d,2,1,0.23782662801519588,0
b449ac61,4,2,0.8855598244926848,1
b452f767,2,0,0.3754339108164058,0
b463e777,2,1,0.16425638855173852,0
b4885e6f,5,3,1.0920199567383957,2
b494401a,2,0,0.5874696555470025,1
b4bd49a0,4,1,0.13294207864008328,0
b4cfd8d7,1,0,0.6040498680235606,1
b4e69f09,3,0,0.1527196304708402,0
b516ca6f,5,0,0.5963179604778733,0
b53a8f23,5,2,0.41341677130704046,0
b55f7943,5,1,0.6569611424395982,1
b57e33a6,5,1,0.08312881095082136,0
b5a0707a,2,2,0.8996837591178626,1
b5b2d51c,2,0,0.2162892090381467,0
b5c2bc50,5,0,0.3226225133949953,0
b62a320b,3,1,0.37835144702276424,0
b64856e9,1,1,0.6888540340420395,1
b69bf1f7,2,0,0.6078817708621499,1
b6af12af,4,0,0.46815599933460533,0
b6caa7fb,4,0,0.23693225989776534,0
b6e9a65f,5,0,0.18935581702137733,0
b70db5d6,1,0,0.06918617395505355,0
b712b69b,3,2,0.885400679282432,1
b746cbe3,5,0,0.1304031129617229,0
b78d5d2e,1,0,0.6259883767873288,1
b7a61f8d,3,0,0.19658946279872014,0
b7ac57d5,4,1,1.2322932420875878,2
b7c3834f,4,3,1.2740381193876928,2
b7c410a9,1,0,0.4822491023733403,0
b7eb466c,5,0,0.56367140277692,0
b7ec062d,1,1,1.0853840430755737,2
b802aec3,3,1,0.8205931837070244,1
b816d8d5,2,0,0.4495296573874379,0
b823508b,4,1,0.3508029218907093,0
b84754a9,4,0,0.5489291071469906,0
b89537ae,4,0,0.38422527718226707,0
b89b8154,3,0,0.3524737529023082,0
b8b48fbf,5,0,0.46951623269917664,0
b8bf20f9,1,0,0.35107877302513124,0
b8df3d7c,1,0,0.4416641717190886,0
b92be605,1,0,0.6106323650449267,1
b9318815,4,1,1.0823448709414385,2
b93e1e41,1,0,0.3354261234800915,0
b94ec4a1,1,0,0.594488235850308,1
b95aad8d,5,2,0.8216306611515052,1
b95da85d,3,2,0.7608010227441049,1
b96e3324,2,0,0.0910711731202849,0
b9b22bff,1,0,1.3874433645251618,3
b9c085ab,4,0,0.6677953585499469,1
b9cf3f7c,2,1,1.1856725792059108,2
b9d3616c,3,2,0.9286000319800081,2
b9dcf632,3,0,0.2187910790969146,0
b9e20ba6,1,0,0.5502077706246675,1
b9e90f7f,2,2,0.7286408008881982,1
b9eeb8fa,1,0,0.2192163068468821,0
ba09d63f,3,0,0.5587457541941714,0
ba158a9c,3,0,0.631427455312868,1
ba29cfb3,1,0,0.13008810294652623,0
ba42462b,1,0,0.32113024637065957,0
ba4294b3,5,0,0.47295714095443553,0
ba73bc7c,5,1,0.8118919804354828,1
bafc4389,5,1,0.4056450203410199,0
bb0d7d92,3,2,0.9167935968522889,2
bb4821ee,4,1,0.494179190411076,0
bb808a71,3,0,0.789049644507031,1
bba6ff20,2,0,0.5311179477156713,0
bbbd61c9,4,0,0.12672789419267272,0
bbd71a7c,1,2,0.7795641380951686,1
bbe5bedd,4,0,0.34469232403862526,0
bc06600f,3,1,0.7971966893030537,1
bc0c0f03,1,0,0.2594596998356556,0
bc1ec029,1,0,0.6461292434955107,1
bc437705,2,0,0.12395725372867838,0
bc4eaf77,3,3,1.0800076154641665,2
bc66f41d,4,0,0.46133961504846827,0
bc6bd8b2,3,0,0.260553300747608,0
bc790ce0,4,0,0.48337540750194347,0
bc817a4c,1,0,0.1351393228902717,0
bc95339a,3,0,0.3602279036346896,0
bccebc5a,3,0,0.5736229202942665,0
bce32ada,2,1,0.5774501840499325,1
bd124dbc,5,1,0.5360384472498527,0
bd480331,5,0,0.5262111664800108,0
bd4ccd4c,4,1,0.6345727116955956,1
bd713fb8,1,0,0.2528354245199255,0
bd8397cb,2,0,0.7445984957186109,1
bd932d04,1,2,1.3176839122446733,2
bdbd1afd,1,0,1.0071526262330144,2
bdbdc4b5,2,0,0.2866151075490354,0
bdbff28b,5,0,1.0628531585084653,2
bdcc7d10,3,0,0.22683401426420974,0
bdcddd09,3,1,0.6084961249521643,1
be1c3b0e,3,0,0.9790712283377192,2
be210bc7,1,2,1.4784449942608378,3
be26335a,5,1,0.996985732136922,2
be9ba5f7,2,0,0.7746009595466112,1
be9e9a8e,2,0,0.37733878366893325,0
bea525dc,3,0,0.6205551632763785,1
beafa6f9,4,2,0.787091805459977,1
bebff291,4,0,0.19359655098102851,0
bedeb6f3,2,0,0.20793348526007216,0
bee4eab0,3,1,0.665870071214093,1
bee51adb,1,0,0.3477110102309546,0
bef259fd,2,1,1.072315064784419,2
bef89ce4,5,0,0.27030016648424776,0
bf0942bc,1,0,0.6387638082551773,1
bf18965c,4,0,0.4655676258352639,0
bf280e13,4,1,0.6401418639486687,1
bf31e0a7,1,0,0.18027276492352712,0
bfade1ba,2,0,0.24748110864490747,0
bfb421f9,3,2,0.7365393444025297,1
bfb52472,4,1,0.8894996363949426,1
c00c663c,1,1,0.5966954486892139,1
c03c0758,4,1,0.21598051687508163,0
c0442863,5,2,1.0299201550580226,2
c0869eb0,3,0,0.3104734433106746,0
c087b48a,2,1,0.9054535772103209,1
c09d41cd,1,0,0.7823929535605316,1
c0a7d046,5,0,1.1091409115390858,2
c0adc389,1,2,1.2052875811229993,2
c0c168fa,4,0,0.2059067709605471,0
c0d5b3f3,1,0,0.9046654443940185,1
c0f2a046,1,0,0.548462901461158,1
c1200b71,5,0,0.0688320300941404,0
c1373df0,5,1,0.32082316086246765,0
c192715a,3,0,0.8020998969350076,1
c1add876,3,1,0.5083983805116478,0
c1ed20ef,3,1,0.37958116851808044,0
c24c877a,2,0,0.05208174576682101,0
c274a243,3,0,0.09203856733028948,0
c294b507,2,1,0.6119702715241115,1
c2adf42c,5,1,0.9659898227770829,2
c2b40d6f,5,0,0.3671850045551456,0
c2bac6ad,5,2,1.0640003888634535,2
c2bac92a,5,0,0.6246444860465752,1
c2e15338,4,2,1.4282275984456148,3
c2ea6e54,1,0,0.2964505870432742,0
c3061b23,5,0,0.5966181467888182,0
c308b134,2,3,0.9461526007816818,2
c30f5122,4,2,1.2439691170511114,2
c31a5825,3,2,0.21823551088355897,0
c35218d4,4,0,0.26056247116657727,0
c3760eb9,4,0,1.1659388019178387,2
c37ef416,5,0,0.42082264617406956,0
c38585c5,4,1,0.35107142962997606,0
c38a5c9b,5,2,1.2602943260259856,2
c391e9c0,5,1,0.3884986836854757,0
c3a3f61e,1,0,0.46760679718314485,0
c3a86e3e,4,1,0.19037378125075444,0
c3adae87,2,2,0.8307491678962331,1
c3b87e5c,5,0,0.24093287751793185,0
c3d46daf,1,2,0.8812305885747154,1
c3dde859,3,0,0.29696633153421054,0
c409bc9d,5,0,0.053925565572769174,0
c40bb352,1,1,0.3023723106759038,0
c41274a7,4,0,1.112414666209508,2
c418e47a,2,1,1.1290171099584603,2
c42b7972,3,0,0.7359232046071723,1
c43b985c,4,0,0.48900998622114145,0
c446e1c5,2,2,0.8728364381523834,1
c45068a1,2,1,1.1516240013141412,2
c459095b,2,2,0.7867344232249176,1
c4a681dc,1,1,0.2788185904812245,0
c4aa8d47,5,0,0.10453473855130624,0
c4c2076b,2,0,0.22740134115914368,0
c4c86e6f,4,1,1.065027758564834,2
c51c1139,5,0,0.23349847491170295,0
c5462e87,1,1,0.4315715792021002,0
c55187b4,2,0,1.3121401255751388,2
c55cc646,4,3,1.2249408500343466,2
c5c891c1,2,0,0.5276416649304503,0
c5cfaeae,1,2,0.8575112562476146,1
c5e91ebc,5,0,0.38569057362423653,0
c5f3d60c,5,0,0.05485037550957628,0
c6287031,5,1,0.8927854272304965,1
c6313b18,1,0,0.37981744615683666,0
c63f1965,3,0,0.40573422216618704,0
c6575d38,1,2,1.4520561614237757,3
c66daa08,1,2,1.1649508129406874,2
c678730b,5,0,0.3671194779512069,0
c68c9809,5,1,0.6242961851390676,1
c69ffa09,3,0,1.1555118386520093,2
c6a92a65,4,0,0.32155033677269435,0
c6b7811e,3,2,0.3612892698529022,0
c6cb894a,1,0,0.7136207870092365,1
c6cc7467,3,0,0.746506831959002,1
c6d4b453,1,1,0.2721763434842326,0
c6da0d4b,5,0,0.3688039514670066,0
c6ead822,2,1,0.9041886340010059,1
c6fd800e,1,0,0.2642910991663163,0
c706a54d,1,0,0.1074953423688973,0
c715832b,4,0,0.6443553272276278,1
c731458f,3,1,0.7057991128214969,1
c73dd2e4,2,0,0.48493326198994735,0
c73f149c,5,0,0.30136120511016257,0
c79039af,1,1,0.292873577826844,0
c7d61396,4,1,0.5010298649665768,0
c7d9e964,4,0,0.36233367304212016,0
c7fd8939,4,0,0.25221860460972206,0
c805ebe7,5,0,0.09167930815840836,0
c8270746,1,1,0.9069731894810804,1
c829500d,4,0,0.3093739226468736,0
c892f324,3,0,0.19147016923142662,0
c8cc2e1b,5,0,0.29184933512690553,0
c8d6b871,1,0,0.5172306615381699,1
c8fbbc8a,2,0,0.48360922483582836,0
c9133895,5,1,0.44500161496452717,0
c9537127,3,0,0.5488950450232156,0
c9600298,1,0,0.16280364026883115,0
c96b9609,3,0,0.15261505896655592,0
c98527f7,2,0,0.2958969702581965,0
c9879365,3,0,0.714136700125392,1
c9902f48,2,1,0.3922855114636622,0
c9a57335,3,0,0.18581189681967847,0
c9ad9c75,3,0,0.9045079964725073,2
c9d47171,1,2,0.29257066091199646,0
c9dabad5,5,0,0.4716688040768938,0
c9e419e7,2,0,0.3334620943542924,0
ca1bdcd3,5,0,0.16880227348733606,0
ca3204b0,4,0,0.6022280412610742,1
ca33a5e7,5,2,0.4206049041569431,0
ca724703,4,0,0.5405593573440521,0
cac0f438,4,0,0.2711968255060609,0
cad3bc70,5,2,1.1202766021180843,2
cadd4ae5,2,0,0.3989524710113562,0
cae0531e,1,1,0.9530830255382774,2
cae31194,3,0,0.2517506844493731,0
caec8d59,3,2,1.1471959264291158,2
cb054226,4,2,0.5816620681366003,1
cb2752bc,5,1,0.7067607155712691,1
cb3b7c3c,4,1,0.8023465448518213,1
cb73fed9,1,0,0.1792086140668508,0
cba1c8b5,3,0,0.7065020958606872,1
cba39753,3,0,0.9197445223892398,2
cbb1ddec,5,2,0.5591958652189339,0
cbca33a5,2,0,0.488180262799513,0
cbcf8cf2,4,0,0.565133145161986,1
cc010b72,3,0,0.16634235415971166,0
cc16d472,4,2,0.9525828516146086,1
cc224be2,5,0,0.45061151967058666,0
cc25e136,3,2,1.0911527503163851,2
cc477243,5,0,0.5418898051901639,0
cc5143df,4,0,0.5742732416775258,1
cca40abb,4,0,0.07598990948370798,0
ccc9db97,3,1,1.3185126844192925,2
ccd0fe74,3,2,0.7255777328744185,1
ccd3cb96,2,0,0.17481015059515398,0
ccdb4ae5,3,0,0.37796780590871737,0
cceddb57,4,0,0.8146605184148337,1
cd144127,2,0,0.4472971936210297,0
cd1fff5a,4,0,1.2368336567299694,2
cd36e51d,4,2,1.0640532776855178,2
cd39e576,3,0,0.5005179143598175,0
cd68643b,3,0,0.12813180925101703,0
cd703872,4,0,1.0050233666553636,2
cd89d5f1,4,0,0.7868837611794026,1
cd8ec8ac,2,0,0.5386856738590599,0
cd8f3c61,5,0,0.12424245707576798,0
cd92eaf6,5,0,0.3624348215247872,0
cda90e9e,4,0,0.6831994838794894,1
ce031b1b,5,0,0.36759795093878533,0
ce379a6a,3,1,0.607206982067237,1
ce6eeadf,2,1,0.9373288508273272,2
ce95b2e1,5,2,0.9681408404594438,2
cea35700,5,0,0.3432248912510787,0
cea73edd,4,0,0.48638153725186983,0
cedf96c5,4,0,0.32957037550507284,0
cefdb7fe,3,1,0.7556745903338866,1
cf0d6d38,3,0,0.2368924522023944,0
cf1b9d44,1,0,0.7678712671888808,1
cf2e4065,4,2,0.43211530936742815,0
cf86987d,5,2,1.3224119689564835,2
cfbbdd3d,4,1,0.613377935556806,1
cfcf9dc9,5,2,0.328680949242131,0
cfe4cf40,1,1,0.5931213366369478,1
cff4bcee,4,0,0.32401552448224036,0
d00b493e,3,0,0.6810957585790558,1
d0429481,3,3,1.426309261785921,2
d05f5d71,5,2,0.6776353917648658,1
d08806a2,1,1,0.6666060290546564,1
d0ac4f1c,1,0,1.3633279411292374,3
d0ef0744,4,0,0.9338369508420877,1
d11428bd,3,0,0.6909770911909328,1
d1145910,3,1,0.9769851129691609,2
d14d79b5,5,0,0.3077019102366548,0
d19e1025,4,1,0.3250924265010947,0
d1a38988,3,0,0.3914527109489678,0
d1aa6625,3,0,0.34076119079673567,0
d1aafc4e,2,1,1.0066150125531328,2
d1ab95e5,1,0,0.5417680779408247,1
d22e7168,1,0,0.49935385090765305,1
d28f0d44,4,0,0.6023431682840797,1
d2b84f45,3,1,0.8843016599375633,1
d2bcca68,3,0,0.39639291350734995,0
d2d9b474,3,0,0.7397398411678883,1
d2fcde50,3,0,0.254037903053419,0
d3b860ab,5,1,0.08490542452284827,0
d3bf6d28,5,1,0.7700544524773736,1
d3da09e8,1,1,1.1332838521828166,2
d3e45961,4,0,0.5853744085653378,1
d3eda827,2,0,-0.007545782947603552,0
d42454d4,1,0,0.3418644483748894,0
d4337a28,2,0,0.24687381230768674,0
d445fb74,4,2,0.9055040408962498,1
d45bae93,2,0,1.3195880848071648,2
d476f528,3,2,0.708544160988622,1
d4a81b97,4,0,0.8460663160405912,1
d4b935f8,3,0,1.0305532612294601,2
d4bfc83f,3,1,0.10870862485374255,0
d4c2e9a1,3,0,0.1463379782205227,0
d4d2f272,2,1,0.6551750425297111,1
d4d9f7f9,2,0,0.18372012390648074,0
d4f3e585,3,2,0.9216434046433328,2
d506f4c7,4,1,0.922222076651627,1
d50a8c3c,3,1,0.8719381783981026,1
d53ead5c,2,0,0.3913325511486458,0
d547d0da,5,1,0.46848354554527244,0
d565ccf6,5,0,0.6545718055578937,1
d57380cf,1,2,1.0076551314783755,2
d57802c5,5,0,0.33438061299365696,0
d57f6c9e,3,2,0.8935605335115278,2
d5874bad,1,1,1.007241685583373,2
d5a8d9b0,3,2,1.0689711329912415,2
d5b089a4,5,1,0.7267992611250595,1
d5cebbfc,1,1,0.4574995854833883,0
d5fb07d2,3,1,0.8276969500020661,1
d5fde276,1,1,0.4642313236955125,0
d6007386,1,1,0.571545621480177,1
d61359ee,5,0,0.04829804050592035,0
d6251195,3,0,0.14777572094031316,0
d661ddf7,5,1,0.5255789327314498,0
d66aed49,1,0,0.25937767065218786,0
d6723b39,4,0,0.33113232082842947,0
d6776176,1,0,0.19533918139474443,0
d6add300,2,1,1.030887136570685,2
d6be0a92,5,2,0.36988355416509144,0
d6c4d9eb,3,0,0.43525345639426677,0
d6c6baa5,1,0,0.7519876716010507,1
d6cca65e,4,2,0.8465843166676299,1
d6e613bc,1,0,0.619844563533936,1
d74e4d7c,4,1,1.2838840841712176,2
d766a1c8,4,0,0.9545350424702866,1
d77ac332,2,2,0.9853901428612584,2
d788a6a8,5,1,0.2635159818939424,0
d78c55fb,1,2,0.8023614445269794,1
d78f437c,3,0,0.08082896417592261,0
d791703f,4,1,0.8611773340471791,1
d7c063b4,3,1,0.19479508968791398,0
d8037389,3,1,0.8561349946423076,1
d80b8bb6,4,1,1.3439201044557663,2
d8196954,5,0,0.17857832209020408,0
d81f28d3,5,0,0.1666457068974881,0
d82e9b87,4,0,0.07521206236161326,0
d859115e,4,0,0.7985533268259134,1
d85a62b3,1,2,0.5406538643061971,1
d85b7c71,1,1,0.5188263040498335,1
d87d3d03,5,0,0.349066798199798,0
d87e2d01,5,1,0.9157136046868426,2
d8a78157,1,1,0.9925516077038039,2
d8b066ad,1,2,0.6038432014056717,1
d90900e1,5,0,0.3685429220164614,0
d94c91bf,5,0,0.2926679944434685,0
d980da40,2,0,0.13853141739801517,0
d98be7a1,2,0,0.06089616551803745,0
d9ae9a13,3,1,0.8329966467943569,1
d9c82502,2,2,0.27111650859959535,0
d9eb30bf,2,0,0.8985479180161622,1
d9f16cd2,4,0,0.4548500267520485,0
da0001de,1,1,0.24962886558341052,0
da09ed4b,1,0,1.0871633611691198,2
da15064a,1,1,0.47791221306618115,0
da19c97e,4,0,0.2361226064858103,0
da1b21b1,5,0,0.07244858132539456,0
da5a8921,3,0,0.18422940408892058,0
da94e67d,3,2,1.2571386612499187,2
daa9b0aa,3,0,0.18972094044616988,0
dacc2f83,1,0,0.836169559007218,1
dacfdb2c,5,0,0.23112355041493848,0
daf3969c,1,2,1.0880283539364044,2
db175ab6,4,0,0.2617956554321237,0
db23fbe4,4,0,0.6308368189584156,1
db38d1f9,5,1,0.6404801475679344,1
db3b1dd1,5,0,0.31368341732375454,0
db49ac7c,3,0,0.8534979471130044,1
db609511,2,0,0.03516213193305073,0
db746de0,3,0,0.8168481371208299,1
db9353fd,4,0,0.21650418875466115,0
db9eae59,4,0,0.7830476932227711,1
dbfa6d84,2,0,0.11801865051838284,0
dc168599,3,0,0.34856505494863355,0
dc33dcef,3,0,0.49802689080216794,0
dc4e9e2f,1,0,0.6726771653966286,1
dc52906a,3,1,0.38737888106649154,0
dc6870da,3,0,0.48788637100850313,0
dc81eac1,1,1,0.4369001030850723,0
dca065be,4,0,0.28136992849453596,0
dcd2586d,4,0,0.6625221986903902,1
dce2a54d,5,1,0.40354533156841127,0
dcfcd574,4,0,0.49648882492509594,0
dcffa5d6,5,0,0.2651005260345354,0
dd02cfa1,3,1,0.4992012399763584,0
dd6679a9,4,1,1.1114880218876033,2
dd689eb0,5,0,0.06237040670916072,0
dd747bba,2,0,0.27090776909790665,0
dd9c9576,3,0,0.39459687715352576,0
dd9ce3c4,4,0,0.4582017529906911,0
ddd0cb12,4,0,0.32381385509763166,0
ddd9a88d,1,0,0.9181328794955094,1
dde82df7,4,0,0.09756875219839017,0
ddfddd87,4,2,1.1449536737743853,2
de3750cc,2,0,0.09321518989197802,0
de3ecca9,2,2,0.8575454009847725,1
de6797db,4,0,0.23249936148490347,0
de742c5c,1,2,1.0820904266971003,2
de91310c,4,2,1.2412551924800628,2
de961552,3,1,0.256065024285582,0
de9fe1e0,4,2,1.0118310921515397,2
dea0552b,3,1,1.1245224381690075,2
dec9056d,4,0,0.08553005516353868,0
dee8b1bd,1,2,0.6796229387765126,1
dee9eb9c,3,0,0.7925917319138466,1
df4a0fee,3,0,0.40578534172400316,0
df4ab9b1,1,1,0.8879620954585252,1
df4d2085,3,1,0.5320865329914053,0
df556fd2,1,3,1.1253348165891097,2
df98fbb4,5,2,0.5701535372367603,0
dfaa2a59,4,0,0.29778330869951664,0
dfd87763,5,0,0.25061295729869837,0
e016d96c,5,0,0.5570242216117,0
e0271395,5,0,0.18067797566340338,0
e0283d3d,3,0,0.07143530867937553,0
e049dab1,1,0,0.4781849408826352,0
e0655da2,5,0,0.25900057276422545,0
e0706ce2,3,1,0.41880762869776894,0
e072b994,3,0,0.05725303814527716,0
e0736134,3,0,0.3354561613846484,0
e0767d64,2,2,1.0247233340818394,2
e07fa0b1,4,2,1.1902722431240798,2
e0869709,3,2,1.0032390924778722,2
e0a7f42a,5,1,0.6923020035288098,1
e0ad6550,5,2,0.32132333996766205,0
e0c4e965,3,0,0.5649289140314386,0
e0db55b1,1,1,0.7844148160060308,1
e0e35d4e,5,1,1.190330943690876,2
e0eb3ea8,5,2,0.5275872302323912,0
e0fb3838,2,0,-0.001124129515752581,0
e11be9c1,1,0,0.7181976607602105,1
e12c2944,2,2,0.8516872458420357,1
e15fe97b,1,0,0.6879767535362785,1
e16a4784,5,3,1.222090789473032,2
e17b9cae,5,2,1.1328882759482948,2
e1958a83,4,0,0.043267826171371704,0
e199d438,2,1,0.7785830814457567,1
e1a4575f,2,0,0.2744484578279073,0
e1af39f8,2,1,0.4750878983770252,0
e1ccc3d1,2,0,0.14964628757927567,0
e1e02e28,1,0,0.27084493509607027,0
e1ea8dd7,4,0,0.8063221625583898,1
e21255e2,5,1,0.6897034402238693,1
e22cf08a,3,0,0.24351699628109513,0
e23a8a0a,5,0,0.4391094181315795,0
e243119c,5,0,0.3862166454210605,0
e252dcb6,5,2,1.2495716686678395,2
e25f7b9a,4,1,0.17634577559912595,0
e28c0bfa,3,1,0.8616145267891846,1
e296c5e4,5,0,0.15566077205917833,0
e2cb8401,2,0,1.3533469940211427,2
e2d370a2,1,1,0.7026718737692822,1
e2fcc91e,1,0,0.3049106366617096,0
e315fdd7,5,0,0.9028647074789475,2
e318ec9a,3,0,0.20615237812318332,0
e328a032,5,0,0.5824161329405216,0
e345b271,1,1,0.30342808238822633,0
e34b9430,5,1,1.222808402407817,2
e362108f,1,0,0.6843114529760699,1
e37d000b,1,0,0.23584150105750468,0
e3a6f97f,2,1,0.9852105456159967,2
e3aa85a3,5,0,0.26057579967787436,0
e3aa9dcb,5,1,0.8907721515089903,1
e3af914a,2,1,0.6305522081288846,1
e3bb3735,4,1,0.8059334363871111,1
e3bce7e1,1,0,0.9344228848134029,2
e3cec795,3,1,0.27882149525677186,0
e3d5aab8,5,0,0.05049584313813116,0
e3f71f7a,3,0,1.0909926059939061,2
e40319d7,3,1,0.6259883921953145,1
e4614ec6,4,1,0.2278053726420634,0
e46417a7,1,0,0.05066733401862422,0
e4762a2b,5,1,0.6932246714062003,1
e47c1eb7,1,1,0.7397191698904041,1
e4a2e3bc,5,2,0.4068278812745598,0
e4ab3b12,5,0,0.19511976523649788,0
e4b47411,1,1,0.6708723882119363,1
e4c008b9,4,0,0.3026150886997676,0
e4d396d7,4,0,0.22912623957972078,0
e4d5bf2b,1,1,0.7668550187235577,1
e4db6712,5,1,0.4477096479509568,0
e4e58096,3,0,0.44729548282518394,0
e4ee6ff3,1,0,0.9556221179537405,2
e51193d1,4,2,0.27929450143481427,0
e515c971,4,1,0.5247843860691501,0
e5349ce2,3,0,0.19319239384061904,0
e537418f,3,1,0.9232334130351751,2
e56b2209,2,0,0.34119840105317745,0
e5b902bc,1,2,0.8546000697443539,1
e5d77ff3,5,1,0.7307750458954124,1
e6169c6d,5,0,0.24922580093614072,0
e63000c5,3,0,0.06446637497101126,0
e63a0ea8,3,0,0.14337278418914162,0
e664dd71,3,1,0.06293611288052692,0
e683d2c9,3,1,0.8121698841747533,1
e715739b,2,1,0.5178496647693369,0
e71f347e,4,0,0.7308381680857127,1
e72af462,3,1,0.7399634857534122,1
e739c579,5,1,0.9769939637558558,2
e7401605,5,0,0.18675968427051365,0
e754411f,3,0,0.8934312198986032,2
e76ad778,1,2,1.1677189440612499,2
e79487a3,5,0,0.23338702604054323,0
e7bbb32e,4,1,0.6825801409843921,1
e7d08824,5,0,0.8638775968906097,1
e7db432d,2,0,0.9748174623370238,2
e7db9aef,3,2,0.8207511529422702,1
e7e43817,4,1,0.14327110340162302,0
e7ee0921,4,0,0.07974977186513343,0
e8313da5,1,1,0.19292431059483672,0
e86bb780,3,0,0.06311434744100819,0
e88aa867,5,0,1.3262905615451819,2
e892aec6,5,1,0.1784012689791158,0
e8ac21d2,3,2,0.7866866734209943,1
e8af663d,2,0,0.5219097561691095,0
e8b64419,1,0,0.7831968031172715,1
e8d9d5ea,2,0,0.5826285104099075,1
e8e82627,4,0,0.5435480586438696,0
e9030ab7,5,2,0.9401369037257581,2
e90a63d0,4,0,0.4963819174497197,0
e912c973,5,1,1.2716670401110601,2
e934bf0a,4,1,0.532243833242917,0
e93cce44,1,1,0.4231863630562055,0
e96763c1,3,1,0.8013724648753677,1
e96da61f,2,0,0.1454246031540809,0
e9a6c514,3,0,0.24636748696775396,0
e9b642a3,5,1,1.2364749629848282,2
e9ca5586,1,0,0.30025017666036957,0
e9d94c4e,3,0,0.5342998286697874,0
ea38bd63,3,2,1.3907370665688594,2
ea4619ec,5,0,0.3405193437567605,0
ea544af3,1,0,0.7749011570008744,1
ea7277b4,3,0,0.4657500458469022,0
ea7adcd6,2,0,0.8381176373121949,1
eaa4821d,5,0,0.190070619773122,0
eaab7a96,5,0,0.6516955561838771,1
eac08386,1,0,0.21300553170795905,0
ead25f13,3,1,0.3225983497687329,0
ead871be,3,2,-0.0040523962702389005,0
eaedb188,2,0,0.5774731026364571,1
eb00abb3,4,1,0.04555080504929332,0
eb5c46b0,1,0,0.9594529558942548,2
eb749e46,1,2,0.9642094497612348,2
eb891208,4,0,0.6608872322377292,1
eb90ee20,4,0,0.3339490052696391,0
eb93a46a,5,0,0.24636038746916383,0
eb9a846d,5,0,0.47663516389825367,0
eba27772,5,0,0.10116808497229379,0
ebd15fdc,2,1,0.7136144767537167,1
ebd6f819,5,1,0.9948241688221864,2
ebf2b0c9,3,0,0.5353142693989617,0
ebf30e46,4,0,0.7583499782947414,1
ec015bbb,2,0,0.09487955731082215,0
ec0f4afa,3,0,0.37201820204299046,0
ec13a1b9,1,2,0.37082422171532825,0
ec220299,3,0,0.8188417109410816,1
ec4a1461,5,2,1.0633708722541173,2
ec619149,1,0,0.5598379616824809,1
ec65cd62,3,0,0.424968407719463,0
ec6b57b4,2,0,0.7431335532616214,1
ec850b10,1,0,0.9288981379446005,2
ec890dbd,5,1,0.4137252620522077,0
ec8f8f95,4,2,0.7299833649656154,1
ec9044f5,2,0,0.6443867874506437,1
ec9179b7,3,0,0.10317759816550909,0
ec9195be,4,0,0.4103312103325631,0
ecb1c038,1,1,0.49169352828306323,1
ecbdbe55,2,0,0.15837886619438485,0
ecd22509,4,2,1.0944748729581881,2
ecd25dd1,5,0,0.8395611555341684,1
ed0b3906,1,2,1.1223269710376935,2
ed329c15,2,1,0.8422434414157458,1
ed50a6f6,5,2,0.705714543176453,1
ed61b01e,4,0,1.1722281934075707,2
ed711416,5,1,0.3189242664590152,0
edb86a64,4,1,0.5794323884943385,1
edb9d0f3,3,0,0.3294502771014136,0
edbf35f3,3,2,1.2746948324579046,2
edc44560,2,0,0.661469291963027,1
edca760c,2,1,0.48835438381234275,0
edeec50d,3,0,0.2696630951694654,0
edfe1f8d,5,1,0.8028760390762795,1
ee0fa75a,3,1,1.115353740176587,2
ee21612e,4,2,0.8086379885047584,1
ee2bf575,3,2,0.9509346046269493,2
ee4e9eed,4,0,0.26807881747828705,0
ee654259,1,1,0.2145040945655331,0
ee67eb55,4,0,0.27180775132515644,0
ee74be35,5,0,0.5169503150769367,0
ee7de96c,4,0,0.06078646150491629,0
eea74d46,3,1,0.18122035749660254,0
eec0d188,2,0,0.3263782783386544,0
eeedcd5e,1,1,0.8504664897675952,1
eeefa792,1,0,0.5881065337065035,1
eef79620,2,0,1.0062733416485825,2
eefeb431,5,0,0.8414739891533323,1
ef07f833,5,0,0.10541047699838157,0
ef1b858a,2,0,0.15999716521976692,0
ef4ae515,2,0,0.08543580600844525,0
ef58dd3c,2,0,0.7558451886206843,1
ef9617e7,4,2,0.5901384965830678,1
efa35d35,2,0,0.36476608373953023,0
efc2bc05,1,0,0.7375449751587301,1
efcef0d6,3,0,0.6804594127565102,1
efedde24,4,0,1.4333053764489443,3
f015a18c,2,0,1.2360130837340009,2
f028534c,4,0,0.6695789288162342,1
f0356a48,4,0,0.39184521092017277,0
f043be76,1,0,0.7043661443655629,1
f08a5ac3,4,0,0.7939688217840198,1
f0957ca1,5,2,0.6708291799096509,1
f09a076a,5,1,0.8269326170667586,1
f09b02cd,4,0,0.4989835907587137,0
f09e7b33,4,2,0.9304614442973365,1
f0b5d026,5,2,0.5750756187869596,0
f0d76b32,2,1,0.6952687631378707,1
f0ed5690,4,0,0.33377216436851387,0
f0f3e41f,4,0,0.7703005147224774,1
f1049268,2,1,0.6638536394101823,1
f11e17c0,1,1,1.3480408566795825,2
f13cb65e,2,2,0.8303786664049673,1
f14e55d7,5,0,0.6097480090306273,0
f15dca1b,3,1,0.540297316838714,0
f1702318,5,1,0.4359624061133055,0
f1a16e58,3,1,0.5767639194205859,0
f1baabc1,5,1,0.26860335607840363,0
f1baae47,4,1,0.6606563852989847,1
f1bd0f59,3,0,0.7690424660079667,1
f1c3cb6b,1,1,0.9184305960403738,1
f1ed2e85,4,0,0.37291320332742217,0
f1ee75bf,1,1,0.32460337420574353,0
f220a837,3,1,1.0312040735306474,2
f2260009,4,0,0.40382700254448795,0
f240387a,5,1,0.4584659967829378,0
f2499682,5,0,0.24132119271645947,0
f2649b91,2,1,0.6874513083618258,1
f285b43c,1,1,1.2250538723702542,2
f29d4094,3,1,1.0899631793358444,2
f2d4efd8,2,2,0.984867894742369,2
f301e7a9,1,0,0.36362858473178106,0
f3020788,2,2,1.0010531075033484,2
f32a9580,4,0,0.41769001778596,0
f35b607c,1,0,0.6242331956826382,1
f3600deb,2,1,0.32445836333419303,0
f3a1dd3b,2,1,0.6534102144085598,1
f3aac45a,1,1,1.2172097477878414,2
f3d22832,3,0,0.5041201644887778,0
f3fbe6c9,3,0,0.8760846354553627,1
f4114031,5,1,0.6352849586097281,1
f420b05a,2,0,0.22866092910368568,0
f4223e3a,5,2,0.39469705002917843,0
f44f1227,5,0,0.38603261591941523,0
f47a67cc,3,0,0.07406242202546687,0
f47abc42,4,0,0.518643416003225,0
f497dd7b,5,0,0.5245733112844594,0
f4d2f5af,2,2,0.6802303082003495,1
f4ece6b5,3,0,0.1703964927699385,0
f52a2597,4,0,0.7480725944546703,1
f5369cea,2,0,0.0953447684900881,0
f54eebeb,4,1,1.0927333672137949,2
f566e5cc,3,1,0.8164871943751347,1
f567a1af,2,0,0.11855785758549553,0
f57de847,4,0,0.6226603596001119,1
f584742f,3,1,1.1444287036047047,2
f58ddd4a,5,1,0.5821766079549606,0
f5ad7abc,4,0,0.16856258569967875,0
f5b2acf0,1,1,0.5023679751823846,1
f5d4c82e,3,1,1.026948989783129,2
f5e64c94,1,1,0.6314689730299603,1
f6284dcb,3,0,0.43352031217242526,0
f62b317d,2,0,0.8767430760601317,1
f64ae747,2,2,0.8338980911426921,1
f64e1d85,5,2,0.2899764155172863,0
f64f877b,2,0,0.21859258966918776,0
f67908e7,5,0,0.4100693185699961,0
f68f158d,4,0,0.7618675427402115,1
f6b719ee,5,0,0.08558391357208767,0
f6c0e2b7,3,1,1.080234143568216,2
f6c20447,4,0,0.11099568230195267,0
f6cc80a9,3,0,1.2459666426268128,2
f6d3a5ad,1,0,0.466078556755322,0
f6d6f400,5,0,0.9888090063707059,2
f6d879aa,3,1,0.985751999332243,2
f74c45c1,3,1,0.8320809634578243,1
f74eda33,3,2,0.8370505181316485,1
f75c957f,3,0,0.06801673974343425,0
f77c2636,5,1,1.0135683880184772,2
f7b1374e,3,1,0.8291327970721604,1
f7fc97cf,5,0,1.100775482027478,2
f804c9f3,2,1,0.74966166940051,1
f81598bf,3,1,0.6136156802366483,1
f817f33a,4,0,0.20757006889486285,0
f848f42b,3,1,0.41091025748632015,0
f8674e15,2,1,0.5675641709180135,1
f869d220,3,1,1.3567234230257676,2
f8b08332,3,0,0.357208331201356,0
f8b36382,4,1,0.39788764916903463,0
f8bf4a1c,1,0,1.0235623368133788,2
f8d293a0,3,0,0.16846430778773136,0
f8e3467e,2,1,0.4475122199584781,0
f8ff0bc8,4,0,1.0581441075026494,2
f922ae21,2,0,0.5240073862054603,0
f93010a8,2,0,0.4632042790377001,0
f9334e08,2,1,0.023362119019784355,0
f9384fa2,1,1,0.9340881173346957,2
f958efdc,1,0,0.7993996816506722,1
f9897bf1,2,1,0.24518003950355266,0
fa293db8,3,0,0.36134214227121597,0
fa29ab47,3,0,0.15949652192403801,0
fa34f945,3,1,1.2923767146263798,2
fa3e1e21,3,0,0.23593120224934727,0
fa472647,2,1,0.7083138324098847,1
fa4f0329,3,0,0.3853703625363448,0
fa62d7b1,1,0,0.5084044555490559,1
fa633e39,5,0,0.5392848632814253,0
fa78d819,2,2,1.2077961960788977,2
fa9a0add,3,0,0.05252670887904287,0
fab75c2c,4,0,0.24588784015431253,0
fad07fce,3,0,0.5031330860927072,0
fb04f7dd,5,2,0.3235729962989979,0
fb22e454,3,0,0.7205119513055468,1
fb2c4db6,4,0,-0.00317602771833958,0
fb2ddbd1,1,2,0.46449258284655637,0
fb3c2c87,4,0,0.4835035055873283,0
fb9982a2,1,0,0.1802080405490667,0
fb9b060f,3,2,1.2356617704820128,2
fb9c5a33,4,0,0.49002637909375096,0
fbb39bfe,1,2,0.8291554786777199,1
fbbd97b1,4,0,0.503224287520955,0
fbc6ade7,1,1,0.0800774945578423,0
fbda3966,2,1,0.6804656616020046,1
fc1912e3,2,1,0.6880281001464615,1
fc2c2c08,1,0,0.39983693159725775,0
fc41be2f,4,0,0.11531074221294602,0
fc49ba65,2,0,0.08968463322305936,0
fc8e4de4,2,0,0.3848952298444024,0
fcc6347f,4,0,0.2909095475707032,0
fcd9a6bb,4,0,0.26756443916761624,0
fd028ecc,3,0,0.2591635953946437,0
fd0d9bca,3,0,0.08376024680104427,0
fd3448d9,2,2,0.45039533104302465,0
fd5589f6,1,0,0.2336370133947977,0
fd56e059,5,0,0.2886659165307904,0
fdb6b48b,2,0,0.5861144583655221,1
fdc11b96,1,0,0.9656704919407733,2
fdd9799f,2,1,1.0909552117546673,2
fdea7d9e,5,1,0.9444095915141164,2
fdf4691f,1,0,0.635419638159631,1
fe102a25,2,1,0.5691374767979419,1
fe2bc235,4,2,0.6064663011061112,1
fe3cbf02,4,0,0.2083903450778417,0
fe5e2dc9,5,2,0.48074438783325774,0
fe6afaf9,4,0,0.5358903629442422,0
fe9c71d8,2,0,0.2594341762688627,0
feb53635,2,2,1.5645775771249815,3
fecc07d6,1,0,0.09862033036851126,0
fee07f32,3,0,0.31001577464501723,0
fefaffe0,3,0,0.5551355708370411,0
ff18b749,3,0,0.5075128914661401,0
ff60112d,4,1,1.5199960191497919,3
ff6c2bb8,5,0,0.4364490934938102,0
ff759544,1,1,0.2502554497483696,0
ff8a2de4,2,1,0.7901838513383039,1
ffcd4dbd,5,1,0.83454303731804,1
ffed1dd5,4,0,0.8308628958668918,1
